YEAR,SN,PRECIPITATION,TEMPERATURE,IRI,INITIAL_IRI,STATION_ID,AGE,ACCUMULATED_AADTT
1997,4.199999809265137,1447.9000244140625,23.899999618530273,0.829800009727478,0.829800009727478,12_0101,2,914
1998,4.199999809265137,1480.5,24.100000381469727,0.8062000075976054,0.829800009727478,12_0101,3,1821
1999,4.199999809265137,1470.5,23.299999237060547,0.7826000054677328,0.829800009727478,12_0101,4,2749
2000,4.199999809265137,1166.9000244140625,23.200000762939453,0.7590000033378601,0.829800009727478,12_0101,5,3821
2001,4.199999809265137,1463.5,23.399999618530273,0.7784000158309936,0.829800009727478,12_0101,6,4906
2002,4.199999809265137,1584.4000244140625,23.700000762939453,0.8205999970436096,0.829800009727478,12_0101,7,6041
2003,4.199999809265137,1403.199951171875,23.100000381469727,0.8776000022888184,0.829800009727478,12_0101,8,7394
2004,4.199999809265137,1621.300048828125,22.600000381469727,0.8662000060081482,0.829800009727478,12_0101,9,8684
2005,4.199999809265137,1547.5,22.600000381469727,0.8564000129699707,0.829800009727478,12_0101,10,10117
2006,4.199999809265137,1129.199951171875,22.799999237060547,0.9407999873161316,0.829800009727478,12_0101,11,11601
2007,4.199999809265137,1306.199951171875,23.299999237060547,0.9515999913215637,0.829800009727478,12_0101,12,13158
2008,4.199999809265137,1890.0,22.799999237060547,0.9623999953269958,0.829800009727478,12_0101,13,14421
2009,4.199999809265137,1216.9000244140625,23.0,1.0112000107765198,0.829800009727478,12_0101,14,15929
2010,4.199999809265137,1137.4000244140625,21.700000762939453,1.0758000016212463,0.829800009727478,12_0101,15,17481
2011,4.199999809265137,1245.0999755859375,23.0,1.0706999957561494,0.829800009727478,12_0101,16,19077
2012,4.199999809265137,1624.5,22.700000762939453,1.0655999898910522,0.829800009727478,12_0101,17,20717
1997,3.700000047683716,1447.9000244140625,23.899999618530273,0.7606000006198883,0.7606000006198883,12_0102,2,914
1998,3.700000047683716,1480.5,24.100000381469727,0.7498000085353851,0.7606000006198883,12_0102,3,1821
1999,3.700000047683716,1470.5,23.299999237060547,0.7570000022649765,0.7606000006198883,12_0102,4,2749
2000,3.700000047683716,1166.9000244140625,23.200000762939453,0.7641999959945679,0.7606000006198883,12_0102,5,3821
2001,3.700000047683716,1463.5,23.399999618530273,0.7600000023841857,0.7606000006198883,12_0102,6,4906
2002,3.700000047683716,1584.4000244140625,23.700000762939453,0.7775999903678894,0.7606000006198883,12_0102,7,6041
2003,3.700000047683716,1403.199951171875,23.100000381469727,0.8213999986648559,0.7606000006198883,12_0102,8,7394
2004,3.700000047683716,1621.300048828125,22.600000381469727,0.8362000107765197,0.7606000006198883,12_0102,9,8684
2005,3.700000047683716,1547.5,22.600000381469727,0.8230000019073487,0.7606000006198883,12_0102,10,10117
2006,3.700000047683716,1129.199951171875,22.799999237060547,0.8460000038146973,0.7606000006198883,12_0102,11,11601
2007,3.700000047683716,1306.199951171875,23.299999237060547,0.8826000034809113,0.7606000006198883,12_0102,12,13158
2008,3.700000047683716,1890.0,22.799999237060547,0.9192000031471252,0.7606000006198883,12_0102,13,14421
2009,3.700000047683716,1216.9000244140625,23.0,0.8860000014305115,0.7606000006198883,12_0102,14,15929
2010,3.700000047683716,1137.4000244140625,21.700000762939453,0.9594000220298767,0.7606000006198883,12_0102,15,17481
2011,3.700000047683716,1245.0999755859375,23.0,0.9337000131607056,0.7606000006198883,12_0102,16,19077
2012,3.700000047683716,1624.5,22.700000762939453,0.9080000042915344,0.7606000006198883,12_0102,17,20717
1997,4.300000190734863,1447.9000244140625,23.899999618530273,0.7350000023841858,0.7350000023841858,12_0103,2,914
1998,4.300000190734863,1480.5,24.100000381469727,0.7380000034968058,0.7350000023841858,12_0103,3,1821
1999,4.300000190734863,1470.5,23.299999237060547,0.7410000046094259,0.7350000023841858,12_0103,4,2749
2000,4.300000190734863,1166.9000244140625,23.200000762939453,0.7440000057220459,0.7350000023841858,12_0103,5,3821
2001,4.300000190734863,1463.5,23.399999618530273,0.7392000079154968,0.7350000023841858,12_0103,6,4906
2002,4.300000190734863,1584.4000244140625,23.700000762939453,0.7233999967575073,0.7350000023841858,12_0103,7,6041
2003,4.300000190734863,1403.199951171875,23.100000381469727,0.7948000073432923,0.7350000023841858,12_0103,8,7394
2004,4.300000190734863,1621.300048828125,22.600000381469727,0.8553999900817871,0.7350000023841858,12_0103,9,8684
2005,4.300000190734863,1547.5,22.600000381469727,0.8656000018119812,0.7350000023841858,12_0103,10,10117
2006,4.300000190734863,1129.199951171875,22.799999237060547,0.9901999950408935,0.7350000023841858,12_0103,11,11601
2007,4.300000190734863,1306.199951171875,23.299999237060547,1.002099984884262,0.7350000023841858,12_0103,12,13158
2008,4.300000190734863,1890.0,22.799999237060547,1.0139999747276307,0.7350000023841858,12_0103,13,14421
2009,4.300000190734863,1216.9000244140625,23.0,1.1835999965667725,0.7350000023841858,12_0103,14,15929
2010,4.300000190734863,1137.4000244140625,21.700000762939453,1.178000020980835,0.7350000023841858,12_0103,15,17481
2011,4.300000190734863,1245.0999755859375,23.0,1.171300005912781,0.7350000023841858,12_0103,16,19077
2012,4.300000190734863,1624.5,22.700000762939453,1.1645999908447267,0.7350000023841858,12_0103,17,20717
1997,6.599999904632568,1447.9000244140625,23.899999618530273,0.6876999974250794,0.6876999974250794,12_0104,2,914
1998,6.599999904632568,1480.5,24.100000381469727,0.725900000333786,0.6876999974250794,12_0104,3,1821
1999,6.599999904632568,1470.5,23.299999237060547,0.706350001692772,0.6876999974250794,12_0104,4,2749
2000,6.599999904632568,1166.9000244140625,23.200000762939453,0.6868000030517578,0.6876999974250794,12_0104,5,3821
2001,6.599999904632568,1463.5,23.399999618530273,0.6784000039100647,0.6876999974250794,12_0104,6,4906
2002,6.599999904632568,1584.4000244140625,23.700000762939453,0.7084000110626221,0.6876999974250794,12_0104,7,6041
2003,6.599999904632568,1403.199951171875,23.100000381469727,0.7657999992370605,0.6876999974250794,12_0104,8,7394
2004,6.599999904632568,1621.300048828125,22.600000381469727,0.7566000103950501,0.6876999974250794,12_0104,9,8684
2005,6.599999904632568,1547.5,22.600000381469727,0.7634000062942505,0.6876999974250794,12_0104,10,10117
2006,6.599999904632568,1129.199951171875,22.799999237060547,0.856599998474121,0.6876999974250794,12_0104,11,11601
2007,6.599999904632568,1306.199951171875,23.299999237060547,0.8689999997615814,0.6876999974250794,12_0104,12,13158
2008,6.599999904632568,1890.0,22.799999237060547,0.8814000010490417,0.6876999974250794,12_0104,13,14421
2009,6.599999904632568,1216.9000244140625,23.0,0.9634000062942505,0.6876999974250794,12_0104,14,15929
2010,6.599999904632568,1137.4000244140625,21.700000762939453,0.9867999911308288,0.6876999974250794,12_0104,15,17481
2011,6.599999904632568,1245.0999755859375,23.0,0.9487999916076659,0.6876999974250794,12_0104,16,19077
2012,6.599999904632568,1624.5,22.700000762939453,0.9107999920845031,0.6876999974250794,12_0104,17,20717
1997,3.5999999046325684,1447.9000244140625,23.899999618530273,0.6591999888420105,0.6591999888420105,12_0105,2,914
1998,3.5999999046325684,1480.5,24.100000381469727,0.6613999923070272,0.6591999888420105,12_0105,3,1821
1999,3.5999999046325684,1470.5,23.299999237060547,0.6635999957720439,0.6591999888420105,12_0105,4,2749
2000,3.5999999046325684,1166.9000244140625,23.200000762939453,0.6657999992370606,0.6591999888420105,12_0105,5,3821
2001,3.5999999046325684,1463.5,23.399999618530273,0.6811999917030335,0.6591999888420105,12_0105,6,4906
2002,3.5999999046325684,1584.4000244140625,23.700000762939453,0.704200005531311,0.6591999888420105,12_0105,7,6041
2003,3.5999999046325684,1403.199951171875,23.100000381469727,0.7727999925613404,0.6591999888420105,12_0105,8,7394
2004,3.5999999046325684,1621.300048828125,22.600000381469727,0.8258000016212463,0.6591999888420105,12_0105,9,8684
2005,3.5999999046325684,1547.5,22.600000381469727,0.7860000014305115,0.6591999888420105,12_0105,10,10117
2006,3.5999999046325684,1129.199951171875,22.799999237060547,0.898199999332428,0.6591999888420105,12_0105,11,11601
2007,3.5999999046325684,1306.199951171875,23.299999237060547,0.9413999974727632,0.6591999888420105,12_0105,12,13158
2008,3.5999999046325684,1890.0,22.799999237060547,0.9845999956130982,0.6591999888420105,12_0105,13,14421
2009,3.5999999046325684,1216.9000244140625,23.0,1.1305999994277953,0.6591999888420105,12_0105,14,15929
2010,3.5999999046325684,1137.4000244140625,21.700000762939453,1.198800015449524,0.6591999888420105,12_0105,15,17481
2011,3.5999999046325684,1245.0999755859375,23.0,1.1591000080108644,0.6591999888420105,12_0105,16,19077
2012,3.5999999046325684,1624.5,22.700000762939453,1.1194000005722047,0.6591999888420105,12_0105,17,20717
1997,6.300000190734863,1447.9000244140625,23.899999618530273,0.59760000705719,0.59760000705719,12_0106,2,914
1998,6.300000190734863,1480.5,24.100000381469727,0.5938666701316834,0.59760000705719,12_0106,3,1821
1999,6.300000190734863,1470.5,23.299999237060547,0.5901333332061768,0.59760000705719,12_0106,4,2749
2000,6.300000190734863,1166.9000244140625,23.200000762939453,0.5863999962806702,0.59760000705719,12_0106,5,3821
2001,6.300000190734863,1463.5,23.399999618530273,0.5860000014305115,0.59760000705719,12_0106,6,4906
2002,6.300000190734863,1584.4000244140625,23.700000762939453,0.6292000055313111,0.59760000705719,12_0106,7,6041
2003,6.300000190734863,1403.199951171875,23.100000381469727,0.6309999942779541,0.59760000705719,12_0106,8,7394
2004,6.300000190734863,1621.300048828125,22.600000381469727,0.6660000205039978,0.59760000705719,12_0106,9,8684
2005,6.300000190734863,1547.5,22.600000381469727,0.6688000082969665,0.59760000705719,12_0106,10,10117
2006,6.300000190734863,1129.199951171875,22.799999237060547,0.7424000024795532,0.59760000705719,12_0106,11,11601
2007,6.300000190734863,1306.199951171875,23.299999237060547,0.8148000001907348,0.59760000705719,12_0106,12,13158
2008,6.300000190734863,1890.0,22.799999237060547,0.8871999979019165,0.59760000705719,12_0106,13,14421
2009,6.300000190734863,1216.9000244140625,23.0,0.828600001335144,0.59760000705719,12_0106,14,15929
2010,6.300000190734863,1137.4000244140625,21.700000762939453,0.9268000006675721,0.59760000705719,12_0106,15,17481
2011,6.300000190734863,1245.0999755859375,23.0,0.8903000056743622,0.59760000705719,12_0106,16,19077
2012,6.300000190734863,1624.5,22.700000762939453,0.8538000106811523,0.59760000705719,12_0106,17,20717
1997,3.4000000953674316,1447.9000244140625,23.899999618530273,0.8355999946594238,0.8355999946594238,12_0107,2,914
1998,3.4000000953674316,1480.5,24.100000381469727,0.8341333230336507,0.8355999946594238,12_0107,3,1821
1999,3.4000000953674316,1470.5,23.299999237060547,0.8326666514078775,0.8355999946594238,12_0107,4,2749
2000,3.4000000953674316,1166.9000244140625,23.200000762939453,0.8311999797821045,0.8355999946594238,12_0107,5,3821
2001,3.4000000953674316,1463.5,23.399999618530273,0.8245999932289123,0.8355999946594238,12_0107,6,4906
2002,3.4000000953674316,1584.4000244140625,23.700000762939453,0.8520000100135803,0.8355999946594238,12_0107,7,6041
2003,3.4000000953674316,1403.199951171875,23.100000381469727,0.8434000134468078,0.8355999946594238,12_0107,8,7394
2004,3.4000000953674316,1621.300048828125,22.600000381469727,0.9121999979019165,0.8355999946594238,12_0107,9,8684
2005,3.4000000953674316,1547.5,22.600000381469727,0.8856000065803528,0.8355999946594238,12_0107,10,10117
2006,3.4000000953674316,1129.199951171875,22.799999237060547,0.9371999979019165,0.8355999946594238,12_0107,11,11601
2007,3.4000000953674316,1306.199951171875,23.299999237060547,0.9458999931812286,0.8355999946594238,12_0107,12,13158
2008,3.4000000953674316,1890.0,22.799999237060547,0.9545999884605407,0.8355999946594238,12_0107,13,14421
2009,3.4000000953674316,1216.9000244140625,23.0,1.025600016117096,0.8355999946594238,12_0107,14,15929
2010,3.4000000953674316,1137.4000244140625,21.700000762939453,1.330399990081787,0.8355999946594238,12_0107,15,17481
2011,3.4000000953674316,1245.0999755859375,23.0,1.185999995470047,0.8355999946594238,12_0107,16,19077
2012,3.4000000953674316,1624.5,22.700000762939453,1.0416000008583068,0.8355999946594238,12_0107,17,20717
1997,5.400000095367432,1447.9000244140625,23.899999618530273,0.905400013923645,0.905400013923645,12_0108,2,914
1998,5.400000095367432,1480.5,24.100000381469727,0.7918000042438507,0.905400013923645,12_0108,3,1821
1999,5.400000095367432,1470.5,23.299999237060547,0.7960000067949295,0.905400013923645,12_0108,4,2749
2000,5.400000095367432,1166.9000244140625,23.200000762939453,0.8002000093460083,0.905400013923645,12_0108,5,3821
2001,5.400000095367432,1463.5,23.399999618530273,0.809600007534027,0.905400013923645,12_0108,6,4906
2002,5.400000095367432,1584.4000244140625,23.700000762939453,0.7984000086784363,0.905400013923645,12_0108,7,6041
2003,5.400000095367432,1403.199951171875,23.100000381469727,0.8076000094413758,0.905400013923645,12_0108,8,7394
2004,5.400000095367432,1621.300048828125,22.600000381469727,0.876800000667572,0.905400013923645,12_0108,9,8684
2005,5.400000095367432,1547.5,22.600000381469727,0.9263999938964844,0.905400013923645,12_0108,10,10117
2006,5.400000095367432,1129.199951171875,22.799999237060547,0.9413999915122986,0.905400013923645,12_0108,11,11601
2007,5.400000095367432,1306.199951171875,23.299999237060547,0.9854999899864196,0.905400013923645,12_0108,12,13158
2008,5.400000095367432,1890.0,22.799999237060547,1.0295999884605407,0.905400013923645,12_0108,13,14421
2009,5.400000095367432,1216.9000244140625,23.0,1.0181999921798706,0.905400013923645,12_0108,14,15929
2010,5.400000095367432,1137.4000244140625,21.700000762939453,1.1180000066757203,0.905400013923645,12_0108,15,17481
2011,5.400000095367432,1245.0999755859375,23.0,1.084499990940094,0.905400013923645,12_0108,16,19077
2012,5.400000095367432,1624.5,22.700000762939453,1.0509999752044679,0.905400013923645,12_0108,17,20717
1997,5.699999809265137,1447.9000244140625,23.899999618530273,0.6580000042915344,0.6580000042915344,12_0109,2,914
1998,5.699999809265137,1480.5,24.100000381469727,0.6516666690508525,0.6580000042915344,12_0109,3,1821
1999,5.699999809265137,1470.5,23.299999237060547,0.6453333338101704,0.6580000042915344,12_0109,4,2749
2000,5.699999809265137,1166.9000244140625,23.200000762939453,0.6389999985694885,0.6580000042915344,12_0109,5,3821
2001,5.699999809265137,1463.5,23.399999618530273,0.6345999956130981,0.6580000042915344,12_0109,6,4906
2002,5.699999809265137,1584.4000244140625,23.700000762939453,0.667799997329712,0.6580000042915344,12_0109,7,6041
2003,5.699999809265137,1403.199951171875,23.100000381469727,0.7181999802589416,0.6580000042915344,12_0109,8,7394
2004,5.699999809265137,1621.300048828125,22.600000381469727,0.7129999995231628,0.6580000042915344,12_0109,9,8684
2005,5.699999809265137,1547.5,22.600000381469727,0.7324000000953674,0.6580000042915344,12_0109,10,10117
2006,5.699999809265137,1129.199951171875,22.799999237060547,0.7325999975204468,0.6580000042915344,12_0109,11,11601
2007,5.699999809265137,1306.199951171875,23.299999237060547,0.7586999952793121,0.6580000042915344,12_0109,12,13158
2008,5.699999809265137,1890.0,22.799999237060547,0.7847999930381775,0.6580000042915344,12_0109,13,14421
2009,5.699999809265137,1216.9000244140625,23.0,0.8199999928474426,0.6580000042915344,12_0109,14,15929
2010,5.699999809265137,1137.4000244140625,21.700000762939453,0.8867999911308289,0.6580000042915344,12_0109,15,17481
2011,5.699999809265137,1245.0999755859375,23.0,0.8322999954223633,0.6580000042915344,12_0109,16,19077
2012,5.699999809265137,1624.5,22.700000762939453,0.7777999997138977,0.6580000042915344,12_0109,17,20717
1997,5.5,1447.9000244140625,23.899999618530273,0.8594999969005584,0.8594999969005584,12_0110,2,914
1998,5.5,1480.5,24.100000381469727,0.8492000043392182,0.8594999969005584,12_0110,3,1821
1999,5.5,1470.5,23.299999237060547,0.853700003027916,0.8594999969005584,12_0110,4,2749
2000,5.5,1166.9000244140625,23.200000762939453,0.8582000017166138,0.8594999969005584,12_0110,5,3821
2001,5.5,1463.5,23.399999618530273,0.8746000051498413,0.8594999969005584,12_0110,6,4906
2002,5.5,1584.4000244140625,23.700000762939453,0.8825999855995178,0.8594999969005584,12_0110,7,6041
2003,5.5,1403.199951171875,23.100000381469727,0.9188000082969665,0.8594999969005584,12_0110,8,7394
2004,5.5,1621.300048828125,22.600000381469727,0.9343999862670899,0.8594999969005584,12_0110,9,8684
2005,5.5,1547.5,22.600000381469727,0.9662000060081481,0.8594999969005584,12_0110,10,10117
2006,5.5,1129.199951171875,22.799999237060547,0.9696000099182129,0.8594999969005584,12_0110,11,11601
2007,5.5,1306.199951171875,23.299999237060547,0.9966000020503998,0.8594999969005584,12_0110,12,13158
2008,5.5,1890.0,22.799999237060547,1.0235999941825866,0.8594999969005584,12_0110,13,14421
2009,5.5,1216.9000244140625,23.0,1.1005999803543092,0.8594999969005584,12_0110,14,15929
2010,5.5,1137.4000244140625,21.700000762939453,1.0865999937057496,0.8594999969005584,12_0110,15,17481
2011,5.5,1245.0999755859375,23.0,1.0731999993324282,0.8594999969005584,12_0110,16,19077
2012,5.5,1624.5,22.700000762939453,1.0598000049591065,0.8594999969005584,12_0110,17,20717
1997,5.300000190734863,1447.9000244140625,23.899999618530273,0.7117999911308288,0.7117999911308288,12_0111,2,914
1998,5.300000190734863,1480.5,24.100000381469727,0.7055333256721497,0.7117999911308288,12_0111,3,1821
1999,5.300000190734863,1470.5,23.299999237060547,0.6992666602134704,0.7117999911308288,12_0111,4,2749
2000,5.300000190734863,1166.9000244140625,23.200000762939453,0.6929999947547912,0.7117999911308288,12_0111,5,3821
2001,5.300000190734863,1463.5,23.399999618530273,0.6851999998092652,0.7117999911308288,12_0111,6,4906
2002,5.300000190734863,1584.4000244140625,23.700000762939453,0.7200000047683716,0.7117999911308288,12_0111,7,6041
2003,5.300000190734863,1403.199951171875,23.100000381469727,0.7198000073432922,0.7117999911308288,12_0111,8,7394
2004,5.300000190734863,1621.300048828125,22.600000381469727,0.7537999987602234,0.7117999911308288,12_0111,9,8684
2005,5.300000190734863,1547.5,22.600000381469727,0.7641999959945679,0.7117999911308288,12_0111,10,10117
2006,5.300000190734863,1129.199951171875,22.799999237060547,0.8582000017166138,0.7117999911308288,12_0111,11,11601
2007,5.300000190734863,1306.199951171875,23.299999237060547,0.8807999968528748,0.7117999911308288,12_0111,12,13158
2008,5.300000190734863,1890.0,22.799999237060547,0.9033999919891358,0.7117999911308288,12_0111,13,14421
2009,5.300000190734863,1216.9000244140625,23.0,0.9459999918937683,0.7117999911308288,12_0111,14,15929
2010,5.300000190734863,1137.4000244140625,21.700000762939453,1.0083999991416932,0.7117999911308288,12_0111,15,17481
2011,5.300000190734863,1245.0999755859375,23.0,0.9708999991416931,0.7117999911308288,12_0111,16,19077
2012,5.300000190734863,1624.5,22.700000762939453,0.9333999991416931,0.7117999911308288,12_0111,17,20717
1997,6.5,1447.9000244140625,23.899999618530273,0.702400016784668,0.702400016784668,12_0112,2,914
1998,6.5,1480.5,24.100000381469727,0.6910666783650716,0.702400016784668,12_0112,3,1821
1999,6.5,1470.5,23.299999237060547,0.6797333399454752,0.702400016784668,12_0112,4,2749
2000,6.5,1166.9000244140625,23.200000762939453,0.6684000015258789,0.702400016784668,12_0112,5,3821
2001,6.5,1463.5,23.399999618530273,0.6712000012397766,0.702400016784668,12_0112,6,4906
2002,6.5,1584.4000244140625,23.700000762939453,0.6853999972343445,0.702400016784668,12_0112,7,6041
2003,6.5,1403.199951171875,23.100000381469727,0.722000002861023,0.702400016784668,12_0112,8,7394
2004,6.5,1621.300048828125,22.600000381469727,0.7345999956130982,0.702400016784668,12_0112,9,8684
2005,6.5,1547.5,22.600000381469727,0.7509999990463256,0.702400016784668,12_0112,10,10117
2006,6.5,1129.199951171875,22.799999237060547,0.7900000095367432,0.702400016784668,12_0112,11,11601
2007,6.5,1306.199951171875,23.299999237060547,0.8567000091075898,0.702400016784668,12_0112,12,13158
2008,6.5,1890.0,22.799999237060547,0.9234000086784363,0.702400016784668,12_0112,13,14421
2009,6.5,1216.9000244140625,23.0,0.8715999960899353,0.702400016784668,12_0112,14,15929
2010,6.5,1137.4000244140625,21.700000762939453,0.9153999924659729,0.702400016784668,12_0112,15,17481
2011,6.5,1245.0999755859375,23.0,0.8893999934196473,0.702400016784668,12_0112,16,19077
2012,6.5,1624.5,22.700000762939453,0.8633999943733215,0.702400016784668,12_0112,17,20717
1997,3.4000000953674316,1447.9000244140625,23.899999618530273,1.0574000120162963,1.0574000120162963,12_0161,2,914
1998,3.4000000953674316,1480.5,24.100000381469727,1.0447333494822184,1.0574000120162963,12_0161,3,1821
1999,3.4000000953674316,1470.5,23.299999237060547,1.0320666869481403,1.0574000120162963,12_0161,4,2749
2000,3.4000000953674316,1166.9000244140625,23.200000762939453,1.0194000244140624,1.0574000120162963,12_0161,5,3821
2001,3.4000000953674316,1463.5,23.399999618530273,0.997000002861023,1.0574000120162963,12_0161,6,4906
2002,3.4000000953674316,1584.4000244140625,23.700000762939453,1.034600019454956,1.0574000120162963,12_0161,7,6041
2003,3.4000000953674316,1403.199951171875,23.100000381469727,1.0640000104904175,1.0574000120162963,12_0161,8,7394
2004,3.4000000953674316,1621.300048828125,22.600000381469727,1.085599994659424,1.0574000120162963,12_0161,9,8684
2005,3.4000000953674316,1547.5,22.600000381469727,1.080399990081787,1.0574000120162963,12_0161,10,10117
2006,3.4000000953674316,1129.199951171875,22.799999237060547,1.1586000204086304,1.0574000120162963,12_0161,11,11601
2007,3.4000000953674316,1306.199951171875,23.299999237060547,1.1705000042915343,1.0574000120162963,12_0161,12,13158
2008,3.4000000953674316,1890.0,22.799999237060547,1.1823999881744385,1.0574000120162963,12_0161,13,14421
1994,4.599999904632568,2287.60009765625,24.5,1.0742000341415405,1.0742000341415405,12_0502,23,108
1995,4.599999904632568,1585.0,23.799999237060547,0.6794000029563904,1.0742000341415405,12_0502,24,231
1996,4.599999904632568,1253.199951171875,23.700000762939453,0.6785000026226043,1.0742000341415405,12_0502,25,454
1997,4.599999904632568,1560.800048828125,24.200000762939453,0.6776000022888183,1.0742000341415405,12_0502,26,719
1998,4.599999904632568,1787.699951171875,24.299999237060547,0.6853333314259847,1.0742000341415405,12_0502,27,996
1999,4.599999904632568,1823.5,23.600000381469727,0.693066660563151,1.0742000341415405,12_0502,28,1153
2000,4.599999904632568,1227.5999755859375,23.399999618530273,0.7007999897003174,1.0742000341415405,12_0502,29,1516
2001,4.599999904632568,1836.0999755859375,23.5,0.7293999791145325,1.0742000341415405,12_0502,30,1831
2002,4.599999904632568,1524.5,24.399999618530273,0.7676999926567077,1.0742000341415405,12_0502,31,1960
2003,4.599999904632568,1716.199951171875,24.100000381469727,0.806000006198883,1.0742000341415405,12_0502,32,2116
2004,4.599999904632568,1455.300048828125,23.5,0.7909999966621399,1.0742000341415405,12_0502,33,2293
2005,4.599999904632568,1697.199951171875,23.5,0.806000006198883,1.0742000341415405,12_0502,34,2551
2006,4.599999904632568,1270.9000244140625,24.0,0.8662000060081482,1.0742000341415405,12_0502,35,2755
2007,4.599999904632568,1653.300048828125,24.399999618530273,0.9143999934196472,1.0742000341415405,12_0502,36,2961
2008,4.599999904632568,1740.199951171875,23.799999237060547,0.9986000180244445,1.0742000341415405,12_0502,37,3150
2009,4.599999904632568,1461.199951171875,23.899999618530273,1.101799988746643,1.0742000341415405,12_0502,38,3345
2010,4.599999904632568,1700.5999755859375,22.600000381469727,1.0848000168800354,1.0742000341415405,12_0502,39,3520
2011,4.599999904632568,1563.5999755859375,24.100000381469727,1.1310000121593475,1.0742000341415405,12_0502,40,3691
2012,4.599999904632568,1997.0,23.700000762939453,1.1772000074386597,1.0742000341415405,12_0502,41,3858
2013,4.599999904632568,1753.5999755859375,23.899999618530273,1.1229999780654907,1.0742000341415405,12_0502,42,4021
2014,4.599999904632568,1822.5999755859375,23.799999237060547,0.6824000000953674,1.0742000341415405,12_0502,43,4377
2015,4.599999904632568,1483.5,25.0,0.7198999941349029,1.0742000341415405,12_0502,44,4753
2016,4.599999904632568,1415.699951171875,24.5,0.7573999881744384,1.0742000341415405,12_0502,45,5161
2017,4.599999904632568,1749.300048828125,24.600000381469727,0.8304499924182891,1.0742000341415405,12_0502,46,5641
2018,4.599999904632568,1618.699951171875,24.200000762939453,0.9034999966621399,1.0742000341415405,12_0502,47,6174
2019,4.599999904632568,1885.5,24.600000381469727,0.9765500009059906,1.0742000341415405,12_0502,48,6734
2020,4.599999904632568,2190.199951171875,24.799999237060547,1.0496000051498413,1.0742000341415405,12_0502,49,7241
1994,5.300000190734863,2287.60009765625,24.5,1.0283999919891358,1.0283999919891358,12_0503,23,108
1995,5.300000190734863,1585.0,23.799999237060547,0.7355999946594238,1.0283999919891358,12_0503,24,231
1996,5.300000190734863,1253.199951171875,23.700000762939453,0.7468999862670899,1.0283999919891358,12_0503,25,454
1997,5.300000190734863,1560.800048828125,24.200000762939453,0.7581999778747559,1.0283999919891358,12_0503,26,719
1998,5.300000190734863,1787.699951171875,24.299999237060547,0.744599986076355,1.0283999919891358,12_0503,27,996
1999,5.300000190734863,1823.5,23.600000381469727,0.7309999942779541,1.0283999919891358,12_0503,28,1153
2000,5.300000190734863,1227.5999755859375,23.399999618530273,0.7174000024795533,1.0283999919891358,12_0503,29,1516
2001,5.300000190734863,1836.0999755859375,23.5,0.7202000141143798,1.0283999919891358,12_0503,30,1831
2002,5.300000190734863,1524.5,24.399999618530273,0.7377000033855439,1.0283999919891358,12_0503,31,1960
2003,5.300000190734863,1716.199951171875,24.100000381469727,0.7551999926567078,1.0283999919891358,12_0503,32,2116
2004,5.300000190734863,1455.300048828125,23.5,0.8083999872207641,1.0283999919891358,12_0503,33,2293
2005,5.300000190734863,1697.199951171875,23.5,0.8273999929428101,1.0283999919891358,12_0503,34,2551
2006,5.300000190734863,1270.9000244140625,24.0,0.8223999977111817,1.0283999919891358,12_0503,35,2755
2007,5.300000190734863,1653.300048828125,24.399999618530273,0.8465999960899353,1.0283999919891358,12_0503,36,2961
2008,5.300000190734863,1740.199951171875,23.799999237060547,0.8983999848365783,1.0283999919891358,12_0503,37,3150
2009,5.300000190734863,1461.199951171875,23.899999618530273,0.8747999787330627,1.0283999919891358,12_0503,38,3345
2010,5.300000190734863,1700.5999755859375,22.600000381469727,0.9368000030517578,1.0283999919891358,12_0503,39,3520
2011,5.300000190734863,1563.5999755859375,24.100000381469727,0.8869000017642975,1.0283999919891358,12_0503,40,3691
2012,5.300000190734863,1997.0,23.700000762939453,0.8370000004768372,1.0283999919891358,12_0503,41,3858
2013,5.300000190734863,1753.5999755859375,23.899999618530273,0.851800000667572,1.0283999919891358,12_0503,42,4021
2014,5.300000190734863,1822.5999755859375,23.799999237060547,0.6289999842643738,1.0283999919891358,12_0503,43,4377
2015,5.300000190734863,1483.5,25.0,0.6390999913215637,1.0283999919891358,12_0503,44,4753
2016,5.300000190734863,1415.699951171875,24.5,0.6491999983787536,1.0283999919891358,12_0503,45,5161
2017,5.300000190734863,1749.300048828125,24.600000381469727,0.6631499975919724,1.0283999919891358,12_0503,46,5641
2018,5.300000190734863,1618.699951171875,24.200000762939453,0.677099996805191,1.0283999919891358,12_0503,47,6174
2019,5.300000190734863,1885.5,24.600000381469727,0.6910499960184097,1.0283999919891358,12_0503,48,6734
2020,5.300000190734863,2190.199951171875,24.799999237060547,0.7049999952316284,1.0283999919891358,12_0503,49,7241
1994,4.400000095367432,2287.60009765625,24.5,1.4009999752044677,1.4009999752044677,12_0504,23,108
1995,4.400000095367432,1585.0,23.799999237060547,0.6410000085830688,1.4009999752044677,12_0504,24,231
1996,4.400000095367432,1253.199951171875,23.700000762939453,0.6427000105381011,1.4009999752044677,12_0504,25,454
1997,4.400000095367432,1560.800048828125,24.200000762939453,0.6444000124931335,1.4009999752044677,12_0504,26,719
1998,4.400000095367432,1787.699951171875,24.299999237060547,0.6213333447774251,1.4009999752044677,12_0504,27,996
1999,4.400000095367432,1823.5,23.600000381469727,0.5982666770617168,1.4009999752044677,12_0504,28,1153
2000,4.400000095367432,1227.5999755859375,23.399999618530273,0.5752000093460083,1.4009999752044677,12_0504,29,1516
2001,4.400000095367432,1836.0999755859375,23.5,0.5935999989509583,1.4009999752044677,12_0504,30,1831
2002,4.400000095367432,1524.5,24.399999618530273,0.6333000004291535,1.4009999752044677,12_0504,31,1960
2003,4.400000095367432,1716.199951171875,24.100000381469727,0.6730000019073487,1.4009999752044677,12_0504,32,2116
2004,4.400000095367432,1455.300048828125,23.5,0.6974000096321106,1.4009999752044677,12_0504,33,2293
2005,4.400000095367432,1697.199951171875,23.5,0.7210000038146973,1.4009999752044677,12_0504,34,2551
2006,4.400000095367432,1270.9000244140625,24.0,0.6984000086784363,1.4009999752044677,12_0504,35,2755
2007,4.400000095367432,1653.300048828125,24.399999618530273,0.723800003528595,1.4009999752044677,12_0504,36,2961
2008,4.400000095367432,1740.199951171875,23.799999237060547,0.8223999977111817,1.4009999752044677,12_0504,37,3150
2009,4.400000095367432,1461.199951171875,23.899999618530273,0.7541999816894531,1.4009999752044677,12_0504,38,3345
2010,4.400000095367432,1700.5999755859375,22.600000381469727,0.8154000043869019,1.4009999752044677,12_0504,39,3520
2011,4.400000095367432,1563.5999755859375,24.100000381469727,0.7763000011444092,1.4009999752044677,12_0504,40,3691
2012,4.400000095367432,1997.0,23.700000762939453,0.7371999979019165,1.4009999752044677,12_0504,41,3858
2013,4.400000095367432,1753.5999755859375,23.899999618530273,0.753000009059906,1.4009999752044677,12_0504,42,4021
2014,4.400000095367432,1822.5999755859375,23.799999237060547,0.598199999332428,1.4009999752044677,12_0504,43,4377
2015,4.400000095367432,1483.5,25.0,0.6147000014781951,1.4009999752044677,12_0504,44,4753
2016,4.400000095367432,1415.699951171875,24.5,0.6312000036239624,1.4009999752044677,12_0504,45,5161
2017,4.400000095367432,1749.300048828125,24.600000381469727,0.6307000041007996,1.4009999752044677,12_0504,46,5641
2018,4.400000095367432,1618.699951171875,24.200000762939453,0.6302000045776368,1.4009999752044677,12_0504,47,6174
2019,4.400000095367432,1885.5,24.600000381469727,0.6297000050544739,1.4009999752044677,12_0504,48,6734
2020,4.400000095367432,2190.199951171875,24.799999237060547,0.6292000055313111,1.4009999752044677,12_0504,49,7241
1994,4.5,2287.60009765625,24.5,1.445400023460388,1.445400023460388,12_0505,23,108
1995,4.5,1585.0,23.799999237060547,0.490200001001358,1.445400023460388,12_0505,24,231
1996,4.5,1253.199951171875,23.700000762939453,0.5165000051259995,1.445400023460388,12_0505,25,454
1997,4.5,1560.800048828125,24.200000762939453,0.5428000092506409,1.445400023460388,12_0505,26,719
1998,4.5,1787.699951171875,24.299999237060547,0.5351333379745483,1.445400023460388,12_0505,27,996
1999,4.5,1823.5,23.600000381469727,0.5274666666984559,1.445400023460388,12_0505,28,1153
2000,4.5,1227.5999755859375,23.399999618530273,0.5197999954223633,1.445400023460388,12_0505,29,1516
2001,4.5,1836.0999755859375,23.5,0.5440000057220459,1.445400023460388,12_0505,30,1831
2002,4.5,1524.5,24.399999618530273,0.5425000011920929,1.445400023460388,12_0505,31,1960
2003,4.5,1716.199951171875,24.100000381469727,0.5409999966621399,1.445400023460388,12_0505,32,2116
2004,4.5,1455.300048828125,23.5,0.6324000000953675,1.445400023460388,12_0505,33,2293
2005,4.5,1697.199951171875,23.5,0.6119999885559082,1.445400023460388,12_0505,34,2551
2006,4.5,1270.9000244140625,24.0,0.624400007724762,1.445400023460388,12_0505,35,2755
2007,4.5,1653.300048828125,24.399999618530273,0.597000002861023,1.445400023460388,12_0505,36,2961
2008,4.5,1740.199951171875,23.799999237060547,0.6909999966621398,1.445400023460388,12_0505,37,3150
2009,4.5,1461.199951171875,23.899999618530273,0.6586000084877014,1.445400023460388,12_0505,38,3345
2010,4.5,1700.5999755859375,22.600000381469727,0.7141999959945678,1.445400023460388,12_0505,39,3520
2011,4.5,1563.5999755859375,24.100000381469727,0.6950999975204468,1.445400023460388,12_0505,40,3691
2012,4.5,1997.0,23.700000762939453,0.6759999990463257,1.445400023460388,12_0505,41,3858
2013,4.5,1753.5999755859375,23.899999618530273,0.7366000056266785,1.445400023460388,12_0505,42,4021
2014,4.5,1822.5999755859375,23.799999237060547,0.6175999999046325,1.445400023460388,12_0505,43,4377
2015,4.5,1483.5,25.0,0.6344000041484832,1.445400023460388,12_0505,44,4753
2016,4.5,1415.699951171875,24.5,0.6512000083923339,1.445400023460388,12_0505,45,5161
2017,4.5,1749.300048828125,24.600000381469727,0.661400008201599,1.445400023460388,12_0505,46,5641
2018,4.5,1618.699951171875,24.200000762939453,0.6716000080108642,1.445400023460388,12_0505,47,6174
2019,4.5,1885.5,24.600000381469727,0.6818000078201294,1.445400023460388,12_0505,48,6734
2020,4.5,2190.199951171875,24.799999237060547,0.6920000076293945,1.445400023460388,12_0505,49,7241
1994,4.099999904632568,2287.60009765625,24.5,0.9703999996185303,0.9703999996185303,12_0506,23,108
1995,4.099999904632568,1585.0,23.799999237060547,0.4976000010967255,0.9703999996185303,12_0506,24,231
1996,4.099999904632568,1253.199951171875,23.700000762939453,0.4927999973297119,0.9703999996185303,12_0506,25,454
1997,4.099999904632568,1560.800048828125,24.200000762939453,0.48799999356269835,0.9703999996185303,12_0506,26,719
1998,4.099999904632568,1787.699951171875,24.299999237060547,0.47806666294733685,0.9703999996185303,12_0506,27,996
1999,4.099999904632568,1823.5,23.600000381469727,0.4681333323319753,0.9703999996185303,12_0506,28,1153
2000,4.099999904632568,1227.5999755859375,23.399999618530273,0.4582000017166138,0.9703999996185303,12_0506,29,1516
2001,4.099999904632568,1836.0999755859375,23.5,0.4874000072479248,0.9703999996185303,12_0506,30,1831
2002,4.099999904632568,1524.5,24.399999618530273,0.4921000063419342,0.9703999996185303,12_0506,31,1960
2003,4.099999904632568,1716.199951171875,24.100000381469727,0.4968000054359436,0.9703999996185303,12_0506,32,2116
2004,4.099999904632568,1455.300048828125,23.5,0.5498000025749207,0.9703999996185303,12_0506,33,2293
2005,4.099999904632568,1697.199951171875,23.5,0.551200020313263,0.9703999996185303,12_0506,34,2551
2006,4.099999904632568,1270.9000244140625,24.0,0.556600022315979,0.9703999996185303,12_0506,35,2755
2007,4.099999904632568,1653.300048828125,24.399999618530273,0.5641999959945678,0.9703999996185303,12_0506,36,2961
2008,4.099999904632568,1740.199951171875,23.799999237060547,0.7044000029563904,0.9703999996185303,12_0506,37,3150
2009,4.099999904632568,1461.199951171875,23.899999618530273,0.582200002670288,0.9703999996185303,12_0506,38,3345
2010,4.099999904632568,1700.5999755859375,22.600000381469727,0.6353999972343445,0.9703999996185303,12_0506,39,3520
2011,4.099999904632568,1563.5999755859375,24.100000381469727,0.6099999964237213,0.9703999996185303,12_0506,40,3691
2012,4.099999904632568,1997.0,23.700000762939453,0.5845999956130982,0.9703999996185303,12_0506,41,3858
2013,4.099999904632568,1753.5999755859375,23.899999618530273,0.6052000045776367,0.9703999996185303,12_0506,42,4021
2014,4.099999904632568,1822.5999755859375,23.799999237060547,0.6413999915122985,0.9703999996185303,12_0506,43,4377
2015,4.099999904632568,1483.5,25.0,0.6447999894618988,0.9703999996185303,12_0506,44,4753
2016,4.099999904632568,1415.699951171875,24.5,0.648199987411499,0.9703999996185303,12_0506,45,5161
2017,4.099999904632568,1749.300048828125,24.600000381469727,0.6585499912500381,0.9703999996185303,12_0506,46,5641
2018,4.099999904632568,1618.699951171875,24.200000762939453,0.6688999950885772,0.9703999996185303,12_0506,47,6174
2019,4.099999904632568,1885.5,24.600000381469727,0.6792499989271163,0.9703999996185303,12_0506,48,6734
2020,4.099999904632568,2190.199951171875,24.799999237060547,0.6896000027656555,0.9703999996185303,12_0506,49,7241
1994,4.400000095367432,2287.60009765625,24.5,1.1358000040054321,1.1358000040054321,12_0507,23,108
1995,4.400000095367432,1585.0,23.799999237060547,0.5478000044822693,1.1358000040054321,12_0507,24,231
1996,4.400000095367432,1253.199951171875,23.700000762939453,0.5475000023841858,1.1358000040054321,12_0507,25,454
1997,4.400000095367432,1560.800048828125,24.200000762939453,0.5472000002861023,1.1358000040054321,12_0507,26,719
1998,4.400000095367432,1787.699951171875,24.299999237060547,0.5445333321889242,1.1358000040054321,12_0507,27,996
1999,4.400000095367432,1823.5,23.600000381469727,0.541866664091746,1.1358000040054321,12_0507,28,1153
2000,4.400000095367432,1227.5999755859375,23.399999618530273,0.5391999959945679,1.1358000040054321,12_0507,29,1516
2001,4.400000095367432,1836.0999755859375,23.5,0.546999990940094,1.1358000040054321,12_0507,30,1831
2002,4.400000095367432,1524.5,24.399999618530273,0.5745000004768371,1.1358000040054321,12_0507,31,1960
2003,4.400000095367432,1716.199951171875,24.100000381469727,0.6020000100135803,1.1358000040054321,12_0507,32,2116
2004,4.400000095367432,1455.300048828125,23.5,0.5847999811172485,1.1358000040054321,12_0507,33,2293
2005,4.400000095367432,1697.199951171875,23.5,0.5916000008583069,1.1358000040054321,12_0507,34,2551
2006,4.400000095367432,1270.9000244140625,24.0,0.5944000005722045,1.1358000040054321,12_0507,35,2755
2007,4.400000095367432,1653.300048828125,24.399999618530273,0.6158000111579895,1.1358000040054321,12_0507,36,2961
2008,4.400000095367432,1740.199951171875,23.799999237060547,0.7194000005722045,1.1358000040054321,12_0507,37,3150
2009,4.400000095367432,1461.199951171875,23.899999618530273,0.6660000085830688,1.1358000040054321,12_0507,38,3345
2010,4.400000095367432,1700.5999755859375,22.600000381469727,0.6758000016212463,1.1358000040054321,12_0507,39,3520
2011,4.400000095367432,1563.5999755859375,24.100000381469727,0.6468999981880188,1.1358000040054321,12_0507,40,3691
2012,4.400000095367432,1997.0,23.700000762939453,0.6179999947547913,1.1358000040054321,12_0507,41,3858
2013,4.400000095367432,1753.5999755859375,23.899999618530273,0.6363999962806701,1.1358000040054321,12_0507,42,4021
2014,4.400000095367432,1822.5999755859375,23.799999237060547,0.8571999907493592,1.1358000040054321,12_0507,43,4377
2015,4.400000095367432,1483.5,25.0,0.8566999971866608,1.1358000040054321,12_0507,44,4753
2016,4.400000095367432,1415.699951171875,24.5,0.8562000036239624,1.1358000040054321,12_0507,45,5161
2017,4.400000095367432,1749.300048828125,24.600000381469727,0.8803500056266784,1.1358000040054321,12_0507,46,5641
2018,4.400000095367432,1618.699951171875,24.200000762939453,0.9045000076293945,1.1358000040054321,12_0507,47,6174
2019,4.400000095367432,1885.5,24.600000381469727,0.9286500096321106,1.1358000040054321,12_0507,48,6734
2020,4.400000095367432,2190.199951171875,24.799999237060547,0.9528000116348266,1.1358000040054321,12_0507,49,7241
1994,4.5,2287.60009765625,24.5,1.1203999757766723,1.1203999757766723,12_0508,23,108
1995,4.5,1585.0,23.799999237060547,0.9862666487693786,1.1203999757766723,12_0508,24,231
1996,4.5,1253.199951171875,23.700000762939453,0.852133321762085,1.1203999757766723,12_0508,25,454
1997,4.5,1560.800048828125,24.200000762939453,0.7179999947547913,1.1203999757766723,12_0508,26,719
1998,4.5,1787.699951171875,24.299999237060547,0.7067333340644837,1.1203999757766723,12_0508,27,996
1999,4.5,1823.5,23.600000381469727,0.695466673374176,1.1203999757766723,12_0508,28,1153
2000,4.5,1227.5999755859375,23.399999618530273,0.6842000126838684,1.1203999757766723,12_0508,29,1516
2001,4.5,1836.0999755859375,23.5,0.6872000098228455,1.1203999757766723,12_0508,30,1831
2002,4.5,1524.5,24.399999618530273,0.7084000051021576,1.1203999757766723,12_0508,31,1960
2003,4.5,1716.199951171875,24.100000381469727,0.7296000003814698,1.1203999757766723,12_0508,32,2116
2004,4.5,1455.300048828125,23.5,0.7522000074386597,1.1203999757766723,12_0508,33,2293
2005,4.5,1697.199951171875,23.5,0.7491999864578247,1.1203999757766723,12_0508,34,2551
2006,4.5,1270.9000244140625,24.0,0.770799994468689,1.1203999757766723,12_0508,35,2755
2007,4.5,1653.300048828125,24.399999618530273,0.7637999892234802,1.1203999757766723,12_0508,36,2961
2008,4.5,1740.199951171875,23.799999237060547,0.8628000020980835,1.1203999757766723,12_0508,37,3150
2009,4.5,1461.199951171875,23.899999618530273,0.7861999988555908,1.1203999757766723,12_0508,38,3345
2010,4.5,1700.5999755859375,22.600000381469727,0.854800009727478,1.1203999757766723,12_0508,39,3520
2011,4.5,1563.5999755859375,24.100000381469727,0.8145000040531158,1.1203999757766723,12_0508,40,3691
2012,4.5,1997.0,23.700000762939453,0.7741999983787536,1.1203999757766723,12_0508,41,3858
2013,4.5,1753.5999755859375,23.899999618530273,0.7895999908447265,1.1203999757766723,12_0508,42,4021
2014,4.5,1822.5999755859375,23.799999237060547,0.6527999877929688,1.1203999757766723,12_0508,43,4377
2015,4.5,1483.5,25.0,0.6539999902248383,1.1203999757766723,12_0508,44,4753
2016,4.5,1415.699951171875,24.5,0.6551999926567078,1.1203999757766723,12_0508,45,5161
2017,4.5,1749.300048828125,24.600000381469727,0.6712499976158143,1.1203999757766723,12_0508,46,5641
2018,4.5,1618.699951171875,24.200000762939453,0.6873000025749207,1.1203999757766723,12_0508,47,6174
2019,4.5,1885.5,24.600000381469727,0.7033500075340271,1.1203999757766723,12_0508,48,6734
2020,4.5,2190.199951171875,24.799999237060547,0.7194000124931336,1.1203999757766723,12_0508,49,7241
1994,4.599999904632568,2287.60009765625,24.5,1.0710000038146972,1.0710000038146972,12_0509,23,108
1995,4.599999904632568,1585.0,23.799999237060547,0.5740000009536743,1.0710000038146972,12_0509,24,231
1996,4.599999904632568,1253.199951171875,23.700000762939453,0.5600000023841858,1.0710000038146972,12_0509,25,454
1997,4.599999904632568,1560.800048828125,24.200000762939453,0.5460000038146973,1.0710000038146972,12_0509,26,719
1998,4.599999904632568,1787.699951171875,24.299999237060547,0.5455333391825358,1.0710000038146972,12_0509,27,996
1999,4.599999904632568,1823.5,23.600000381469727,0.5450666745503744,1.0710000038146972,12_0509,28,1153
2000,4.599999904632568,1227.5999755859375,23.399999618530273,0.5446000099182129,1.0710000038146972,12_0509,29,1516
2001,4.599999904632568,1836.0999755859375,23.5,0.5474000096321106,1.0710000038146972,12_0509,30,1831
2002,4.599999904632568,1524.5,24.399999618530273,0.5729000031948089,1.0710000038146972,12_0509,31,1960
2003,4.599999904632568,1716.199951171875,24.100000381469727,0.5983999967575073,1.0710000038146972,12_0509,32,2116
2004,4.599999904632568,1455.300048828125,23.5,0.5860000133514405,1.0710000038146972,12_0509,33,2293
2005,4.599999904632568,1697.199951171875,23.5,0.6087999939918518,1.0710000038146972,12_0509,34,2551
2006,4.599999904632568,1270.9000244140625,24.0,0.6019999861717225,1.0710000038146972,12_0509,35,2755
2007,4.599999904632568,1653.300048828125,24.399999618530273,0.6276000022888184,1.0710000038146972,12_0509,36,2961
2008,4.599999904632568,1740.199951171875,23.799999237060547,0.7164000034332275,1.0710000038146972,12_0509,37,3150
2009,4.599999904632568,1461.199951171875,23.899999618530273,0.6189999938011169,1.0710000038146972,12_0509,38,3345
2010,4.599999904632568,1700.5999755859375,22.600000381469727,0.7343999862670898,1.0710000038146972,12_0509,39,3520
2011,4.599999904632568,1563.5999755859375,24.100000381469727,0.6744999945163727,1.0710000038146972,12_0509,40,3691
2012,4.599999904632568,1997.0,23.700000762939453,0.6146000027656555,1.0710000038146972,12_0509,41,3858
2013,4.599999904632568,1753.5999755859375,23.899999618530273,0.6583999991416931,1.0710000038146972,12_0509,42,4021
2014,4.599999904632568,1822.5999755859375,23.799999237060547,0.6863999962806702,1.0710000038146972,12_0509,43,4377
2015,4.599999904632568,1483.5,25.0,0.7013000011444092,1.0710000038146972,12_0509,44,4753
2016,4.599999904632568,1415.699951171875,24.5,0.7162000060081481,1.0710000038146972,12_0509,45,5161
2017,4.599999904632568,1749.300048828125,24.600000381469727,0.7198000073432922,1.0710000038146972,12_0509,46,5641
2018,4.599999904632568,1618.699951171875,24.200000762939453,0.7234000086784362,1.0710000038146972,12_0509,47,6174
2019,4.599999904632568,1885.5,24.600000381469727,0.7270000100135803,1.0710000038146972,12_0509,48,6734
2020,4.599999904632568,2190.199951171875,24.799999237060547,0.7306000113487243,1.0710000038146972,12_0509,49,7241
1994,4.099999904632568,2287.60009765625,24.5,0.9843999981880188,0.9843999981880188,12_0561,23,108
1995,4.099999904632568,1585.0,23.799999237060547,0.5675999999046326,0.9843999981880188,12_0561,24,231
1996,4.099999904632568,1253.199951171875,23.700000762939453,0.5566999971866609,0.9843999981880188,12_0561,25,454
1997,4.099999904632568,1560.800048828125,24.200000762939453,0.545799994468689,0.9843999981880188,12_0561,26,719
1998,4.099999904632568,1787.699951171875,24.299999237060547,0.5543333252271017,0.9843999981880188,12_0561,27,996
1999,4.099999904632568,1823.5,23.600000381469727,0.5628666559855143,0.9843999981880188,12_0561,28,1153
2000,4.099999904632568,1227.5999755859375,23.399999618530273,0.571399986743927,0.9843999981880188,12_0561,29,1516
2001,4.099999904632568,1836.0999755859375,23.5,0.5752000093460083,0.9843999981880188,12_0561,30,1831
2002,4.099999904632568,1524.5,24.399999618530273,0.597900003194809,0.9843999981880188,12_0561,31,1960
2003,4.099999904632568,1716.199951171875,24.100000381469727,0.6205999970436096,0.9843999981880188,12_0561,32,2116
2004,4.099999904632568,1455.300048828125,23.5,0.6379999995231629,0.9843999981880188,12_0561,33,2293
2005,4.099999904632568,1697.199951171875,23.5,0.6554000020027161,0.9843999981880188,12_0561,34,2551
2006,4.099999904632568,1270.9000244140625,24.0,0.6406000018119812,0.9843999981880188,12_0561,35,2755
2007,4.099999904632568,1653.300048828125,24.399999618530273,0.6712000012397766,0.9843999981880188,12_0561,36,2961
2008,4.099999904632568,1740.199951171875,23.799999237060547,0.7082000017166138,0.9843999981880188,12_0561,37,3150
2009,4.099999904632568,1461.199951171875,23.899999618530273,0.7090800023078918,0.9843999981880188,12_0561,38,3345
2010,4.099999904632568,1700.5999755859375,22.600000381469727,0.7099600028991699,0.9843999981880188,12_0561,39,3520
2011,4.099999904632568,1563.5999755859375,24.100000381469727,0.710840003490448,0.9843999981880188,12_0561,40,3691
2012,4.099999904632568,1997.0,23.700000762939453,0.7117200040817261,0.9843999981880188,12_0561,41,3858
2013,4.099999904632568,1753.5999755859375,23.899999618530273,0.7126000046730041,0.9843999981880188,12_0561,42,4021
2014,4.099999904632568,1822.5999755859375,23.799999237060547,0.6174000144004822,0.9843999981880188,12_0561,43,4377
2015,4.099999904632568,1483.5,25.0,0.622100007534027,0.9843999981880188,12_0561,44,4753
2016,4.099999904632568,1415.699951171875,24.5,0.626800000667572,0.9843999981880188,12_0561,45,5161
2017,4.099999904632568,1749.300048828125,24.600000381469727,0.6358499974012375,0.9843999981880188,12_0561,46,5641
2018,4.099999904632568,1618.699951171875,24.200000762939453,0.644899994134903,0.9843999981880188,12_0561,47,6174
2019,4.099999904632568,1885.5,24.600000381469727,0.6539499908685684,0.9843999981880188,12_0561,48,6734
2020,4.099999904632568,2190.199951171875,24.799999237060547,0.6629999876022339,0.9843999981880188,12_0561,49,7241
1994,4.400000095367432,2287.60009765625,24.5,1.0828000068664552,1.0828000068664552,12_0562,23,108
1995,4.400000095367432,1585.0,23.799999237060547,0.4505999982357025,1.0828000068664552,12_0562,24,231
1996,4.400000095367432,1253.199951171875,23.700000762939453,0.4609999984502792,1.0828000068664552,12_0562,25,454
1997,4.400000095367432,1560.800048828125,24.200000762939453,0.47139999866485593,1.0828000068664552,12_0562,26,719
1998,4.400000095367432,1787.699951171875,24.299999237060547,0.4598666648070017,1.0828000068664552,12_0562,27,996
1999,4.400000095367432,1823.5,23.600000381469727,0.44833333094914757,1.0828000068664552,12_0562,28,1153
2000,4.400000095367432,1227.5999755859375,23.399999618530273,0.43679999709129336,1.0828000068664552,12_0562,29,1516
2001,4.400000095367432,1836.0999755859375,23.5,0.44820000529289244,1.0828000068664552,12_0562,30,1831
2002,4.400000095367432,1524.5,24.399999618530273,0.4716000080108642,1.0828000068664552,12_0562,31,1960
2003,4.400000095367432,1716.199951171875,24.100000381469727,0.49500001072883604,1.0828000068664552,12_0562,32,2116
2004,4.400000095367432,1455.300048828125,23.5,0.5097000092267989,1.0828000068664552,12_0562,33,2293
2005,4.400000095367432,1697.199951171875,23.5,0.5244000077247619,1.0828000068664552,12_0562,34,2551
2006,4.400000095367432,1270.9000244140625,24.0,0.504799997806549,1.0828000068664552,12_0562,35,2755
2007,4.400000095367432,1653.300048828125,24.399999618530273,0.5304000020027161,1.0828000068664552,12_0562,36,2961
2008,4.400000095367432,1740.199951171875,23.799999237060547,0.6656000018119812,1.0828000068664552,12_0562,37,3150
2009,4.400000095367432,1461.199951171875,23.899999618530273,0.6401600003242492,1.0828000068664552,12_0562,38,3345
2010,4.400000095367432,1700.5999755859375,22.600000381469727,0.6147199988365173,1.0828000068664552,12_0562,39,3520
2011,4.400000095367432,1563.5999755859375,24.100000381469727,0.5892799973487854,1.0828000068664552,12_0562,40,3691
2012,4.400000095367432,1997.0,23.700000762939453,0.5638399958610535,1.0828000068664552,12_0562,41,3858
2013,4.400000095367432,1753.5999755859375,23.899999618530273,0.5383999943733215,1.0828000068664552,12_0562,42,4021
2014,4.400000095367432,1822.5999755859375,23.799999237060547,0.6539999961853027,1.0828000068664552,12_0562,43,4377
2015,4.400000095367432,1483.5,25.0,0.660699999332428,1.0828000068664552,12_0562,44,4753
2016,4.400000095367432,1415.699951171875,24.5,0.6674000024795532,1.0828000068664552,12_0562,45,5161
2017,4.400000095367432,1749.300048828125,24.600000381469727,0.6681000024080277,1.0828000068664552,12_0562,46,5641
2018,4.400000095367432,1618.699951171875,24.200000762939453,0.668800002336502,1.0828000068664552,12_0562,47,6174
2019,4.400000095367432,1885.5,24.600000381469727,0.6695000022649764,1.0828000068664552,12_0562,48,6734
2020,4.400000095367432,2190.199951171875,24.799999237060547,0.6702000021934509,1.0828000068664552,12_0562,49,7241
1994,4.5,2287.60009765625,24.5,1.3076000213623047,1.3076000213623047,12_0563,23,108
1995,4.5,1585.0,23.799999237060547,0.5878000140190125,1.3076000213623047,12_0563,24,231
1996,4.5,1253.199951171875,23.700000762939453,0.6013000071048737,1.3076000213623047,12_0563,25,454
1997,4.5,1560.800048828125,24.200000762939453,0.6148000001907349,1.3076000213623047,12_0563,26,719
1998,4.5,1787.699951171875,24.299999237060547,0.6078000028928121,1.3076000213623047,12_0563,27,996
1999,4.5,1823.5,23.600000381469727,0.6008000055948893,1.3076000213623047,12_0563,28,1153
2000,4.5,1227.5999755859375,23.399999618530273,0.5938000082969666,1.3076000213623047,12_0563,29,1516
2001,4.5,1836.0999755859375,23.5,0.6046000003814698,1.3076000213623047,12_0563,30,1831
2002,4.5,1524.5,24.399999618530273,0.5905000030994416,1.3076000213623047,12_0563,31,1960
2003,4.5,1716.199951171875,24.100000381469727,0.5764000058174134,1.3076000213623047,12_0563,32,2116
2004,4.5,1455.300048828125,23.5,0.6398000001907349,1.3076000213623047,12_0563,33,2293
2005,4.5,1697.199951171875,23.5,0.7031999945640564,1.3076000213623047,12_0563,34,2551
2006,4.5,1270.9000244140625,24.0,0.6920000076293945,1.3076000213623047,12_0563,35,2755
2007,4.5,1653.300048828125,24.399999618530273,0.7187999963760376,1.3076000213623047,12_0563,36,2961
2008,4.5,1740.199951171875,23.799999237060547,0.8717999935150147,1.3076000213623047,12_0563,37,3150
2009,4.5,1461.199951171875,23.899999618530273,0.8562399935722351,1.3076000213623047,12_0563,38,3345
2010,4.5,1700.5999755859375,22.600000381469727,0.8406799936294556,1.3076000213623047,12_0563,39,3520
2011,4.5,1563.5999755859375,24.100000381469727,0.8251199936866761,1.3076000213623047,12_0563,40,3691
2012,4.5,1997.0,23.700000762939453,0.8095599937438965,1.3076000213623047,12_0563,41,3858
2013,4.5,1753.5999755859375,23.899999618530273,0.793999993801117,1.3076000213623047,12_0563,42,4021
2014,4.5,1822.5999755859375,23.799999237060547,0.6794000029563904,1.3076000213623047,12_0563,43,4377
2015,4.5,1483.5,25.0,0.6782000064849854,1.3076000213623047,12_0563,44,4753
2016,4.5,1415.699951171875,24.5,0.6770000100135803,1.3076000213623047,12_0563,45,5161
2017,4.5,1749.300048828125,24.600000381469727,0.6915500074625015,1.3076000213623047,12_0563,46,5641
2018,4.5,1618.699951171875,24.200000762939453,0.7061000049114228,1.3076000213623047,12_0563,47,6174
2019,4.5,1885.5,24.600000381469727,0.7206500023603439,1.3076000213623047,12_0563,48,6734
2020,4.5,2190.199951171875,24.799999237060547,0.7351999998092651,1.3076000213623047,12_0563,49,7241
1994,4.599999904632568,2287.60009765625,24.5,1.2773999929428101,1.2773999929428101,12_0564,23,108
1995,4.599999904632568,1585.0,23.799999237060547,0.49200000166893004,1.2773999929428101,12_0564,24,231
1996,4.599999904632568,1253.199951171875,23.700000762939453,0.49370000064373015,1.2773999929428101,12_0564,25,454
1997,4.599999904632568,1560.800048828125,24.200000762939453,0.49539999961853026,1.2773999929428101,12_0564,26,719
1998,4.599999904632568,1787.699951171875,24.299999237060547,0.49726667006810504,1.2773999929428101,12_0564,27,996
1999,4.599999904632568,1823.5,23.600000381469727,0.4991333405176799,1.2773999929428101,12_0564,28,1153
2000,4.599999904632568,1227.5999755859375,23.399999618530273,0.5010000109672547,1.2773999929428101,12_0564,29,1516
2001,4.599999904632568,1836.0999755859375,23.5,0.5069999992847443,1.2773999929428101,12_0564,30,1831
2002,4.599999904632568,1524.5,24.399999618530273,0.5722999900579453,1.2773999929428101,12_0564,31,1960
2003,4.599999904632568,1716.199951171875,24.100000381469727,0.6375999808311462,1.2773999929428101,12_0564,32,2116
2004,4.599999904632568,1455.300048828125,23.5,0.6254999935626984,1.2773999929428101,12_0564,33,2293
2005,4.599999904632568,1697.199951171875,23.5,0.6134000062942505,1.2773999929428101,12_0564,34,2551
2006,4.599999904632568,1270.9000244140625,24.0,0.6250000119209289,1.2773999929428101,12_0564,35,2755
2007,4.599999904632568,1653.300048828125,24.399999618530273,0.6650000095367432,1.2773999929428101,12_0564,36,2961
2008,4.599999904632568,1740.199951171875,23.799999237060547,0.7932000041007996,1.2773999929428101,12_0564,37,3150
2009,4.599999904632568,1461.199951171875,23.899999618530273,0.7745600032806397,1.2773999929428101,12_0564,38,3345
2010,4.599999904632568,1700.5999755859375,22.600000381469727,0.7559200024604797,1.2773999929428101,12_0564,39,3520
2011,4.599999904632568,1563.5999755859375,24.100000381469727,0.7372800016403198,1.2773999929428101,12_0564,40,3691
2012,4.599999904632568,1997.0,23.700000762939453,0.7186400008201599,1.2773999929428101,12_0564,41,3858
2013,4.599999904632568,1753.5999755859375,23.899999618530273,0.7,1.2773999929428101,12_0564,42,4021
2014,4.599999904632568,1822.5999755859375,23.799999237060547,0.6738000035285949,1.2773999929428101,12_0564,43,4377
2015,4.599999904632568,1483.5,25.0,0.6800000011920928,1.2773999929428101,12_0564,44,4753
2016,4.599999904632568,1415.699951171875,24.5,0.6861999988555908,1.2773999929428101,12_0564,45,5161
2017,4.599999904632568,1749.300048828125,24.600000381469727,0.7000499993562699,1.2773999929428101,12_0564,46,5641
2018,4.599999904632568,1618.699951171875,24.200000762939453,0.7138999998569489,1.2773999929428101,12_0564,47,6174
2019,4.599999904632568,1885.5,24.600000381469727,0.7277500003576278,1.2773999929428101,12_0564,48,6734
2020,4.599999904632568,2190.199951171875,24.799999237060547,0.7416000008583069,1.2773999929428101,12_0564,49,7241
1994,4.699999809265137,2287.60009765625,24.5,1.2382000207901,1.2382000207901,12_0565,23,108
1995,4.699999809265137,1585.0,23.799999237060547,0.6648000001907348,1.2382000207901,12_0565,24,231
1996,4.699999809265137,1253.199951171875,23.700000762939453,0.6495999991893768,1.2382000207901,12_0565,25,454
1997,4.699999809265137,1560.800048828125,24.200000762939453,0.6343999981880188,1.2382000207901,12_0565,26,719
1998,4.699999809265137,1787.699951171875,24.299999237060547,0.629799997806549,1.2382000207901,12_0565,27,996
1999,4.699999809265137,1823.5,23.600000381469727,0.6251999974250794,1.2382000207901,12_0565,28,1153
2000,4.699999809265137,1227.5999755859375,23.399999618530273,0.6205999970436096,1.2382000207901,12_0565,29,1516
2001,4.699999809265137,1836.0999755859375,23.5,0.6332000017166137,1.2382000207901,12_0565,30,1831
2002,4.699999809265137,1524.5,24.399999618530273,0.6402999997138976,1.2382000207901,12_0565,31,1960
2003,4.699999809265137,1716.199951171875,24.100000381469727,0.6473999977111816,1.2382000207901,12_0565,32,2116
2004,4.699999809265137,1455.300048828125,23.5,0.6581999957561493,1.2382000207901,12_0565,33,2293
2005,4.699999809265137,1697.199951171875,23.5,0.668999993801117,1.2382000207901,12_0565,34,2551
2006,4.699999809265137,1270.9000244140625,24.0,0.6831999897956849,1.2382000207901,12_0565,35,2755
2007,4.699999809265137,1653.300048828125,24.399999618530273,0.6945999979972839,1.2382000207901,12_0565,36,2961
2008,4.699999809265137,1740.199951171875,23.799999237060547,0.7831999897956848,1.2382000207901,12_0565,37,3150
2009,4.699999809265137,1461.199951171875,23.899999618530273,0.7636399912834168,1.2382000207901,12_0565,38,3345
2010,4.699999809265137,1700.5999755859375,22.600000381469727,0.7440799927711487,1.2382000207901,12_0565,39,3520
2011,4.699999809265137,1563.5999755859375,24.100000381469727,0.7245199942588807,1.2382000207901,12_0565,40,3691
2012,4.699999809265137,1997.0,23.700000762939453,0.7049599957466126,1.2382000207901,12_0565,41,3858
2013,4.699999809265137,1753.5999755859375,23.899999618530273,0.6853999972343445,1.2382000207901,12_0565,42,4021
2014,4.699999809265137,1822.5999755859375,23.799999237060547,0.6925999999046326,1.2382000207901,12_0565,43,4377
2015,4.699999809265137,1483.5,25.0,0.6880999982357026,1.2382000207901,12_0565,44,4753
2016,4.699999809265137,1415.699951171875,24.5,0.6835999965667725,1.2382000207901,12_0565,45,5161
2017,4.699999809265137,1749.300048828125,24.600000381469727,0.6840499997138978,1.2382000207901,12_0565,46,5641
2018,4.699999809265137,1618.699951171875,24.200000762939453,0.684500002861023,1.2382000207901,12_0565,47,6174
2019,4.699999809265137,1885.5,24.600000381469727,0.6849500060081481,1.2382000207901,12_0565,48,6734
2020,4.699999809265137,2190.199951171875,24.799999237060547,0.6854000091552734,1.2382000207901,12_0565,49,7241
1994,4.5,2287.60009765625,24.5,1.245799994468689,1.245799994468689,12_0566,23,108
1995,4.5,1585.0,23.799999237060547,0.554800009727478,1.245799994468689,12_0566,24,231
1996,4.5,1253.199951171875,23.700000762939453,0.5495000004768371,1.245799994468689,12_0566,25,454
1997,4.5,1560.800048828125,24.200000762939453,0.5441999912261963,1.245799994468689,12_0566,26,719
1998,4.5,1787.699951171875,24.299999237060547,0.5364666620890299,1.245799994468689,12_0566,27,996
1999,4.5,1823.5,23.600000381469727,0.5287333329518636,1.245799994468689,12_0566,28,1153
2000,4.5,1227.5999755859375,23.399999618530273,0.5210000038146972,1.245799994468689,12_0566,29,1516
2001,4.5,1836.0999755859375,23.5,0.5367999792098999,1.245799994468689,12_0566,30,1831
2002,4.5,1524.5,24.399999618530273,0.5467999935150146,1.245799994468689,12_0566,31,1960
2003,4.5,1716.199951171875,24.100000381469727,0.5568000078201294,1.245799994468689,12_0566,32,2116
2004,4.5,1455.300048828125,23.5,0.5776999950408935,1.245799994468689,12_0566,33,2293
2005,4.5,1697.199951171875,23.5,0.5985999822616577,1.245799994468689,12_0566,34,2551
2006,4.5,1270.9000244140625,24.0,0.5940000057220459,1.245799994468689,12_0566,35,2755
2007,4.5,1653.300048828125,24.399999618530273,0.6179999947547913,1.245799994468689,12_0566,36,2961
2008,4.5,1740.199951171875,23.799999237060547,0.7425999999046325,1.245799994468689,12_0566,37,3150
2009,4.5,1461.199951171875,23.899999618530273,0.7211599969863891,1.245799994468689,12_0566,38,3345
2010,4.5,1700.5999755859375,22.600000381469727,0.6997199940681458,1.245799994468689,12_0566,39,3520
2011,4.5,1563.5999755859375,24.100000381469727,0.6782799911499023,1.245799994468689,12_0566,40,3691
2012,4.5,1997.0,23.700000762939453,0.656839988231659,1.245799994468689,12_0566,41,3858
2013,4.5,1753.5999755859375,23.899999618530273,0.6353999853134156,1.245799994468689,12_0566,42,4021
2014,4.5,1822.5999755859375,23.799999237060547,0.5871999859809875,1.245799994468689,12_0566,43,4377
2015,4.5,1483.5,25.0,0.5988999962806701,1.245799994468689,12_0566,44,4753
2016,4.5,1415.699951171875,24.5,0.6106000065803527,1.245799994468689,12_0566,45,5161
2017,4.5,1749.300048828125,24.600000381469727,0.6057500064373016,1.245799994468689,12_0566,46,5641
2018,4.5,1618.699951171875,24.200000762939453,0.6009000062942504,1.245799994468689,12_0566,47,6174
2019,4.5,1885.5,24.600000381469727,0.5960500061511993,1.245799994468689,12_0566,48,6734
2020,4.5,2190.199951171875,24.799999237060547,0.5912000060081481,1.245799994468689,12_0566,49,7241
1996,6.800000190734863,1313.699951171875,19.700000762939453,0.6536000013351441,0.6536000013351441,12_0901,33,1850
1997,6.800000190734863,1341.4000244140625,20.399999618530273,0.5751999974250793,0.6536000013351441,12_0901,34,3778
1998,6.800000190734863,1525.5999755859375,21.5,0.6631333311398824,0.6536000013351441,12_0901,35,5768
1999,6.800000190734863,1089.0,20.700000762939453,0.7510666648546854,0.6536000013351441,12_0901,36,7913
2000,6.800000190734863,997.0,20.100000381469727,0.8389999985694885,0.6536000013351441,12_0901,37,10057
2001,6.800000190734863,1115.0,20.5,0.8777999937534332,0.6536000013351441,12_0901,38,12264
2002,6.800000190734863,1406.199951171875,20.600000381469727,0.9165999889373779,0.6536000013351441,12_0901,39,14237
2003,6.800000190734863,1576.699951171875,20.299999237060547,0.9651000022888183,0.6536000013351441,12_0901,40,16500
2004,6.800000190734863,1809.9000244140625,20.299999237060547,1.0136000156402587,0.6536000013351441,12_0901,41,18864
2005,6.800000190734863,1602.0,20.200000762939453,1.0726999998092652,0.6536000013351441,12_0901,42,21463
2006,6.800000190734863,1234.300048828125,20.799999237060547,1.1317999839782715,0.6536000013351441,12_0901,43,23973
1996,6.800000190734863,1313.699951171875,19.700000762939453,0.8588000059127807,0.8588000059127807,12_0902,33,1850
1997,6.800000190734863,1341.4000244140625,20.399999618530273,0.6070000052452087,0.8588000059127807,12_0902,34,3778
1998,6.800000190734863,1525.5999755859375,21.5,0.5928666671117147,0.8588000059127807,12_0902,35,5768
1999,6.800000190734863,1089.0,20.700000762939453,0.5787333289782206,0.8588000059127807,12_0902,36,7913
2000,6.800000190734863,997.0,20.100000381469727,0.5645999908447266,0.8588000059127807,12_0902,37,10057
2001,6.800000190734863,1115.0,20.5,0.5813999891281127,0.8588000059127807,12_0902,38,12264
2002,6.800000190734863,1406.199951171875,20.600000381469727,0.598199987411499,0.8588000059127807,12_0902,39,14237
2003,6.800000190734863,1576.699951171875,20.299999237060547,0.6186999976634979,0.8588000059127807,12_0902,40,16500
2004,6.800000190734863,1809.9000244140625,20.299999237060547,0.6392000079154968,0.8588000059127807,12_0902,41,18864
2005,6.800000190734863,1602.0,20.200000762939453,0.8544000089168549,0.8588000059127807,12_0902,42,21463
2006,6.800000190734863,1234.300048828125,20.799999237060547,1.0696000099182128,0.8588000059127807,12_0902,43,23973
1996,6.699999809265137,1313.699951171875,19.700000762939453,0.575,0.575,12_0903,33,1850
1997,6.699999809265137,1341.4000244140625,20.399999618530273,0.6064500004053115,0.575,12_0903,34,3778
1998,6.699999809265137,1525.5999755859375,21.5,0.6379000008106231,0.575,12_0903,35,5768
1999,6.699999809265137,1089.0,20.700000762939453,0.6693500012159348,0.575,12_0903,36,7913
2000,6.699999809265137,997.0,20.100000381469727,0.7008000016212463,0.575,12_0903,37,10057
2001,6.699999809265137,1115.0,20.5,0.7602999985218049,0.575,12_0903,38,12264
2002,6.699999809265137,1406.199951171875,20.600000381469727,0.8197999954223633,0.575,12_0903,39,14237
2003,6.699999809265137,1576.699951171875,20.299999237060547,0.8636999964714049,0.575,12_0903,40,16500
2004,6.699999809265137,1809.9000244140625,20.299999237060547,0.9075999975204467,0.575,12_0903,41,18864
2005,6.699999809265137,1602.0,20.200000762939453,1.0030999958515165,0.575,12_0903,42,21463
2006,6.699999809265137,1234.300048828125,20.799999237060547,1.0985999941825866,0.575,12_0903,43,23973
1996,7.900000095367432,1313.699951171875,19.700000762939453,0.6269999980926514,0.6269999980926514,12_0959,33,1850
1997,7.900000095367432,1341.4000244140625,20.399999618530273,0.5646000027656555,0.6269999980926514,12_0959,34,3778
1998,7.900000095367432,1525.5999755859375,21.5,0.6059333364168803,0.6269999980926514,12_0959,35,5768
1999,7.900000095367432,1089.0,20.700000762939453,0.647266670068105,0.6269999980926514,12_0959,36,7913
2000,7.900000095367432,997.0,20.100000381469727,0.6886000037193298,0.6269999980926514,12_0959,37,10057
2001,7.900000095367432,1115.0,20.5,0.7554000020027161,0.6269999980926514,12_0959,38,12264
2002,7.900000095367432,1406.199951171875,20.600000381469727,0.8222000002861023,0.6269999980926514,12_0959,39,14237
2003,7.900000095367432,1576.699951171875,20.299999237060547,0.9832999885082245,0.6269999980926514,12_0959,40,16500
2004,7.900000095367432,1809.9000244140625,20.299999237060547,1.1443999767303468,0.6269999980926514,12_0959,41,18864
1990,5.599999904632568,1332.699951171875,24.5,1.1119999885559082,1.1119999885559082,12_1030,19,1142
1991,5.599999904632568,1876.300048828125,24.399999618530273,1.1396000027656554,1.1119999885559082,12_1030,20,1289
1992,5.599999904632568,1690.9000244140625,23.799999237060547,1.1672000169754029,1.1119999885559082,12_1030,21,1391
1993,5.599999904632568,1864.4000244140625,23.899999618530273,1.12849999666214,1.1119999885559082,12_1030,22,1495
1994,5.599999904632568,2287.60009765625,24.5,1.089799976348877,1.1119999885559082,12_1030,23,1602
1995,5.599999904632568,1585.0,23.799999237060547,1.5003999948501587,1.1119999885559082,12_1030,24,1725
1996,5.599999904632568,1253.199951171875,23.700000762939453,1.6581000089645386,1.1119999885559082,12_1030,25,1948
1997,5.599999904632568,1560.800048828125,24.200000762939453,1.8158000230789184,1.1119999885559082,12_1030,26,2213
1998,5.599999904632568,1787.699951171875,24.299999237060547,1.6582000176111857,1.1119999885559082,12_1030,27,2490
1999,5.599999904632568,1823.5,23.600000381469727,1.5006000121434528,1.1119999885559082,12_1030,28,2609
2000,5.599999904632568,1227.5999755859375,23.399999618530273,1.3430000066757202,1.1119999885559082,12_1030,29,2975
2001,5.599999904632568,1836.0999755859375,23.5,1.3932999968528748,1.1119999885559082,12_1030,30,3290
2002,5.599999904632568,1524.5,24.399999618530273,1.4435999870300293,1.1119999885559082,12_1030,31,3419
2003,5.599999904632568,1716.199951171875,24.100000381469727,1.607699990272522,1.1119999885559082,12_1030,32,3572
2004,5.599999904632568,1455.300048828125,23.5,1.7717999935150146,1.1119999885559082,12_1030,33,3749
2005,5.599999904632568,1697.199951171875,23.5,1.9237749934196473,1.1119999885559082,12_1030,34,4007
2006,5.599999904632568,1270.9000244140625,24.0,2.07574999332428,1.1119999885559082,12_1030,35,4225
2007,5.599999904632568,1653.300048828125,24.399999618530273,2.0750333229700724,1.1119999885559082,12_1030,36,4431
2008,5.599999904632568,1740.199951171875,23.799999237060547,2.074316652615865,1.1119999885559082,12_1030,37,4622
2009,5.599999904632568,1461.199951171875,23.899999618530273,2.0735999822616575,1.1119999885559082,12_1030,38,4815
2010,5.599999904632568,1700.5999755859375,22.600000381469727,2.386400032043457,1.1119999885559082,12_1030,39,4990
2011,5.599999904632568,1563.5999755859375,24.100000381469727,2.5569000244140625,1.1119999885559082,12_1030,40,5161
2012,5.599999904632568,1997.0,23.700000762939453,2.727400016784668,1.1119999885559082,12_1030,41,5328
2013,5.599999904632568,1753.5999755859375,23.899999618530273,2.374199962615967,1.1119999885559082,12_1030,42,5491
2014,5.599999904632568,1822.5999755859375,23.799999237060547,0.6585999965667725,1.1119999885559082,12_1030,43,5847
2015,5.599999904632568,1483.5,25.0,0.6628000020980835,1.1119999885559082,12_1030,44,6223
2016,5.599999904632568,1415.699951171875,24.5,0.6803999900817871,1.1119999885559082,12_1030,45,6634
2017,5.599999904632568,1749.300048828125,24.600000381469727,0.6885499894618988,1.1119999885559082,12_1030,46,7114
2018,5.599999904632568,1618.699951171875,24.200000762939453,0.6966999888420105,1.1119999885559082,12_1030,47,7647
2019,5.599999904632568,1885.5,24.600000381469727,0.7048499882221222,1.1119999885559082,12_1030,48,8208
2020,5.599999904632568,2190.199951171875,24.799999237060547,0.7129999876022339,1.1119999885559082,12_1030,49,8728
1990,4.0,1335.9000244140625,25.299999237060547,0.6406000018119812,0.6406000018119812,12_1060,11,253
1991,4.0,1748.0999755859375,25.100000381469727,0.655400002002716,0.6406000018119812,12_1060,12,427
1992,4.0,1496.800048828125,24.600000381469727,0.6702000021934509,0.6406000018119812,12_1060,13,557
1993,4.0,1602.5999755859375,24.799999237060547,0.6484000027179717,0.6406000018119812,12_1060,14,735
1994,4.0,2027.4000244140625,25.299999237060547,0.6266000032424927,0.6406000018119812,12_1060,15,861
1995,4.0,1964.199951171875,24.799999237060547,0.6482000052928925,0.6406000018119812,12_1060,16,1007
1996,4.0,1520.800048828125,24.5,0.6698000073432921,0.6406000018119812,12_1060,17,1146
1997,4.0,1834.0999755859375,25.200000762939453,0.691400009393692,0.6406000018119812,12_1060,18,1244
1998,4.0,1616.4000244140625,25.399999618530273,0.7130000114440918,0.6406000018119812,12_1060,19,1325
1999,4.0,1861.300048828125,24.700000762939453,0.7312000036239623,0.6406000018119812,12_1060,20,1431
2000,4.0,1463.300048828125,24.600000381469727,0.749399995803833,0.6406000018119812,12_1060,21,1514
2001,4.0,1807.199951171875,24.600000381469727,0.7424000024795532,0.6406000018119812,12_1060,22,1610
2002,4.0,1604.5999755859375,25.0,0.7354000091552735,0.6406000018119812,12_1060,23,1840
1990,4.0,1141.4000244140625,23.100000381469727,1.3571999788284301,1.3571999788284301,12_1370,17,131
1991,4.0,1763.9000244140625,22.799999237060547,1.364299976825714,1.3571999788284301,12_1370,18,205
1992,4.0,1485.0999755859375,21.799999237060547,1.3713999748229981,1.3571999788284301,12_1370,19,288
1993,4.0,1030.800048828125,21.799999237060547,1.2988999962806702,1.3571999788284301,12_1370,20,379
1994,4.0,1942.0,22.700000762939453,1.2264000177383423,1.3571999788284301,12_1370,21,462
1995,4.0,1322.0999755859375,22.700000762939453,1.2878500163555144,1.3571999788284301,12_1370,22,564
1996,4.0,1569.300048828125,21.899999618530273,1.3493000149726868,1.3571999788284301,12_1370,23,660
1997,4.0,1589.5999755859375,22.5,1.4107500135898592,1.3571999788284301,12_1370,24,760
1998,4.0,1139.5999755859375,23.200000762939453,1.4722000122070313,1.3571999788284301,12_1370,25,874
1999,4.0,1437.199951171875,22.5,1.9466000318527221,1.3571999788284301,12_1370,26,993
2000,4.0,857.2999877929688,22.100000381469727,2.421000051498413,1.3571999788284301,12_1370,27,1161
2001,4.0,1487.800048828125,22.799999237060547,1.7834000349044798,1.3571999788284301,12_1370,28,1262
2002,4.0,1459.4000244140625,23.0,1.1458000183105468,1.3571999788284301,12_1370,29,1438
2003,4.0,1314.9000244140625,22.600000381469727,0.9607000172138214,1.3571999788284301,12_1370,30,1636
2004,4.0,1557.699951171875,22.5,0.775600016117096,1.3571999788284301,12_1370,31,1875
2005,4.0,1674.199951171875,22.5,0.8301000118255615,1.3571999788284301,12_1370,32,2118
2006,4.0,1138.800048828125,22.600000381469727,0.8846000075340271,1.3571999788284301,12_1370,33,2369
2007,4.0,1166.5,22.899999618530273,0.9458000103632609,1.3571999788284301,12_1370,34,2624
2008,4.0,1356.300048828125,22.600000381469727,1.0070000131924948,1.3571999788284301,12_1370,35,2851
2009,4.0,1098.0,23.0,1.0682000160217284,1.3571999788284301,12_1370,36,3066
2010,4.0,1014.0999755859375,21.700000762939453,1.1756666819254558,1.3571999788284301,12_1370,37,3291
2011,4.0,1399.5999755859375,23.100000381469727,1.2831333478291829,1.3571999788284301,12_1370,38,3499
2012,4.0,1134.5999755859375,23.0,1.3906000137329102,1.3571999788284301,12_1370,39,3700
2013,4.0,1120.4000244140625,22.600000381469727,1.724399995803833,1.3571999788284301,12_1370,40,3882
2014,4.0,1747.5,22.299999237060547,2.042800045013428,1.3571999788284301,12_1370,41,4127
1990,5.699999809265137,1430.9000244140625,25.100000381469727,1.0079999923706056,1.0079999923706056,12_3995,15,699
1991,5.699999809265137,1839.199951171875,24.299999237060547,1.0050999939441683,1.0079999923706056,12_3995,16,2228
1992,5.699999809265137,1626.0,23.600000381469727,1.0021999955177308,1.0079999923706056,12_3995,17,3250
1993,5.699999809265137,1649.0999755859375,23.700000762939453,0.9805000007152558,1.0079999923706056,12_3995,18,3701
1994,5.699999809265137,1996.0,24.200000762939453,0.9588000059127808,1.0079999923706056,12_3995,19,4202
1995,5.699999809265137,2046.199951171875,23.5,1.0180000066757202,1.0079999923706056,12_3995,20,4920
1996,5.699999809265137,1483.199951171875,23.399999618530273,1.0772000074386596,1.0079999923706056,12_3995,21,6693
1997,5.699999809265137,1824.4000244140625,24.5,1.136400008201599,1.0079999923706056,12_3995,22,8519
1990,4.300000190734863,1165.199951171875,23.5,1.0742000102996827,1.0742000102996827,12_3996,16,203
1991,4.300000190734863,1508.800048828125,23.299999237060547,1.0972000122070313,1.0742000102996827,12_3996,17,390
1992,4.300000190734863,1300.5999755859375,21.899999618530273,1.12020001411438,1.0742000102996827,12_3996,18,536
1993,4.300000190734863,1119.0,21.299999237060547,1.100499999523163,1.0742000102996827,12_3996,19,739
1994,4.300000190734863,1350.300048828125,22.299999237060547,1.0807999849319458,1.0742000102996827,12_3996,20,871
1995,4.300000190734863,1158.0,21.799999237060547,1.048249989748001,1.0742000102996827,12_3996,21,1033
1996,4.300000190734863,1507.4000244140625,20.799999237060547,1.0156999945640564,1.0742000102996827,12_3996,22,1202
1997,4.300000190734863,1686.9000244140625,22.100000381469727,0.9831499993801117,1.0742000102996827,12_3996,23,1406
1998,4.300000190734863,1282.199951171875,22.399999618530273,0.950600004196167,1.0742000102996827,12_3996,24,1594
1990,5.300000190734863,833.5,21.899999618530273,1.1079999923706054,1.1079999923706054,12_3997,16,436
1991,5.300000190734863,1731.5999755859375,21.600000381469727,1.1284000158309937,1.1079999923706054,12_3997,17,764
1992,5.300000190734863,1522.5,20.799999237060547,1.1082000255584716,1.1079999923706054,12_3997,18,1163
1993,5.300000190734863,1299.800048828125,20.700000762939453,1.1872000217437744,1.1079999923706054,12_3997,19,1621
1994,5.300000190734863,1662.5999755859375,21.200000762939453,1.266200017929077,1.1079999923706054,12_3997,20,2003
1995,5.300000190734863,1443.199951171875,20.799999237060547,1.0184666752815246,1.1079999923706054,12_3997,21,2447
1996,5.300000190734863,1263.0,20.200000762939453,0.7707333326339723,1.1079999923706054,12_3997,22,2964
1997,5.300000190734863,1415.5,20.899999618530273,0.5229999899864197,1.1079999923706054,12_3997,23,3472
1998,5.300000190734863,1193.199951171875,21.899999618530273,0.5417999982833863,1.1079999923706054,12_3997,24,4015
1999,5.300000190734863,1051.0999755859375,20.899999618530273,0.5606000065803528,1.1079999923706054,12_3997,25,4188
1990,5.0,1086.5999755859375,20.600000381469727,0.5985999941825867,0.5985999941825867,12_4096,16,61
1991,5.0,1909.9000244140625,20.100000381469727,0.608599990606308,0.5985999941825867,12_4096,17,83
1992,5.0,1735.199951171875,19.100000381469727,0.6185999870300293,0.5985999941825867,12_4096,18,131
1993,5.0,1332.199951171875,19.0,0.6102999925613404,0.5985999941825867,12_4096,19,168
1994,5.0,1873.5,19.5,0.6019999980926514,0.5985999941825867,12_4096,20,213
1995,5.0,1526.0999755859375,19.399999618530273,0.6263499945402146,0.5985999941825867,12_4096,21,259
1996,5.0,1718.199951171875,18.799999237060547,0.6506999909877778,0.5985999941825867,12_4096,22,313
1997,5.0,1707.9000244140625,19.0,0.6750499874353408,0.5985999941825867,12_4096,23,370
1998,5.0,1737.0,19.600000381469727,0.699399983882904,0.5985999941825867,12_4096,24,417
1999,5.0,1475.300048828125,19.200000762939453,0.7541999896367391,0.5985999941825867,12_4096,25,507
2000,5.0,1106.4000244140625,19.399999618530273,0.8089999953905741,0.5985999941825867,12_4096,26,571
2001,5.0,1416.199951171875,19.600000381469727,0.8638000011444091,0.5985999941825867,12_4096,27,633
2002,5.0,1726.0,19.700000762939453,0.9537999987602234,0.5985999941825867,12_4096,28,758
2003,5.0,1965.9000244140625,19.799999237060547,0.7771000027656555,0.5985999941825867,12_4096,29,886
2004,5.0,1562.5,20.0,0.6004000067710876,0.5985999941825867,12_4096,30,999
2005,5.0,1682.699951171875,19.899999618530273,0.6627000033855438,0.5985999941825867,12_4096,31,1121
2006,5.0,1169.300048828125,20.399999618530273,0.725,0.5985999941825867,12_4096,32,1261
2007,5.0,1215.699951171875,20.100000381469727,0.9321999947230021,0.5985999941825867,12_4096,33,1387
2008,5.0,1679.199951171875,19.299999237060547,1.1393999894460043,0.5985999941825867,12_4096,34,1528
2009,5.0,2105.199951171875,19.600000381469727,1.3465999841690064,0.5985999941825867,12_4096,35,1661
2010,5.0,1537.5,19.0,1.2269333203633628,0.5985999941825867,12_4096,36,1805
2011,5.0,1237.5999755859375,19.899999618530273,1.107266656557719,0.5985999941825867,12_4096,37,1907
2012,5.0,1456.699951171875,20.200000762939453,0.9875999927520752,0.5985999941825867,12_4096,38,2008
2013,5.0,1905.699951171875,20.100000381469727,1.0531999945640564,0.5985999941825867,12_4096,39,2108
2014,5.0,1757.0,19.5,1.1187999963760376,0.5985999941825867,12_4096,40,2207
2015,5.0,1510.5999755859375,21.200000762939453,1.158399987220764,0.5985999941825867,12_4096,41,2333
2016,5.0,1710.699951171875,21.0,1.1979999780654906,0.5985999941825867,12_4096,42,2474
2017,5.0,1542.5999755859375,21.5,1.215559983253479,0.5985999941825867,12_4096,43,2604
2018,5.0,1909.300048828125,20.899999618530273,1.2331199884414672,0.5985999941825867,12_4096,44,2752
2019,5.0,1265.5999755859375,21.399999618530273,1.2506799936294555,0.5985999941825867,12_4096,45,2935
2020,5.0,1690.4000244140625,21.399999618530273,1.2682399988174438,0.5985999941825867,12_4096,46,3146
2021,5.0,1910.4000244140625,20.799999237060547,1.285800004005432,0.5985999941825867,12_4096,47,3597
1990,5.199999809265137,1146.800048828125,20.200000762939453,0.7003999948501587,0.7003999948501587,12_4097,5,1240
1991,5.199999809265137,1841.199951171875,19.5,0.708299994468689,0.7003999948501587,12_4097,6,2011
1992,5.199999809265137,1721.800048828125,18.600000381469727,0.7161999940872192,0.7003999948501587,12_4097,7,2915
1993,5.199999809265137,1276.0,18.700000762939453,0.7322666625181834,0.7003999948501587,12_4097,8,4298
1994,5.199999809265137,1732.5,19.0,0.7483333309491476,0.7003999948501587,12_4097,9,5639
1995,5.199999809265137,1424.9000244140625,19.200000762939453,0.7643999993801117,0.7003999948501587,12_4097,10,7012
1996,5.199999809265137,1480.300048828125,18.5,0.7804666678110759,0.7003999948501587,12_4097,11,8460
1997,5.199999809265137,1854.5,18.899999618530273,0.79653333624204,0.7003999948501587,12_4097,12,10018
1998,5.199999809265137,1729.0,20.100000381469727,0.8126000046730042,0.7003999948501587,12_4097,13,11724
1999,5.199999809265137,1327.0,19.200000762939453,0.7952000081539154,0.7003999948501587,12_4097,14,13478
2000,5.199999809265137,1121.5,18.799999237060547,0.7778000116348267,0.7003999948501587,12_4097,15,15179
2001,5.199999809265137,1488.5999755859375,19.299999237060547,0.7814000070095062,0.7003999948501587,12_4097,16,16932
2002,5.199999809265137,1903.5,19.5,0.7850000023841858,0.7003999948501587,12_4097,17,18645
2003,5.199999809265137,1707.5,19.600000381469727,0.7914000034332276,0.7003999948501587,12_4097,18,20920
2004,5.199999809265137,1792.4000244140625,19.600000381469727,0.7978000044822693,0.7003999948501587,12_4097,19,23269
1990,4.800000190734863,1239.9000244140625,25.100000381469727,0.8709999918937683,0.8709999918937683,12_4099,14,207
1990,5.5,1613.4000244140625,20.200000762939453,0.6852000117301941,0.6852000117301941,12_4100,14,169
1991,5.5,2437.800048828125,20.100000381469727,0.684200006723404,0.6852000117301941,12_4100,15,291
1992,5.5,1948.0,19.399999618530273,0.6832000017166138,0.6852000117301941,12_4100,16,407
1993,5.5,1679.699951171875,18.899999618530273,0.7127666652202607,0.6852000117301941,12_4100,17,505
1994,5.5,2636.5,19.0,0.7423333287239074,0.6852000117301941,12_4100,18,595
1995,5.5,2171.89990234375,18.799999237060547,0.7718999922275543,0.6852000117301941,12_4100,19,699
1996,5.5,2133.699951171875,18.200000762939453,0.8014666557312012,0.6852000117301941,12_4100,20,806
1997,5.5,2018.4000244140625,18.899999618530273,0.831033319234848,0.6852000117301941,12_4100,21,960
1998,5.5,2401.89990234375,20.100000381469727,0.8605999827384949,0.6852000117301941,12_4100,22,1115
1999,5.5,1294.699951171875,19.299999237060547,0.8379999935626984,0.6852000117301941,12_4100,23,1232
2000,5.5,1552.9000244140625,19.0,0.8154000043869019,0.6852000117301941,12_4100,24,1353
2001,5.5,1434.800048828125,18.799999237060547,0.876800000667572,0.6852000117301941,12_4100,25,1477
2002,5.5,1864.800048828125,19.0,0.9381999969482422,0.6852000117301941,12_4100,26,1586
2003,5.5,2118.800048828125,18.899999618530273,0.8360999941825866,0.6852000117301941,12_4100,27,1698
2004,5.5,1759.300048828125,19.0,0.7339999914169312,0.6852000117301941,12_4100,28,1814
2005,5.5,2291.800048828125,18.799999237060547,0.7103000044822694,0.6852000117301941,12_4100,29,1933
2006,5.5,1107.199951171875,19.0,0.6866000175476075,0.6852000117301941,12_4100,30,2077
2007,5.5,1650.800048828125,18.899999618530273,0.7144000093142192,0.6852000117301941,12_4100,31,2192
2008,5.5,1485.199951171875,18.299999237060547,0.7422000010808308,0.6852000117301941,12_4100,32,2315
2009,5.5,1979.5999755859375,18.5,0.7699999928474426,0.6852000117301941,12_4100,33,2367
2010,5.5,1614.699951171875,17.700000762939453,0.7992666641871135,0.6852000117301941,12_4100,34,2423
2011,5.5,1300.300048828125,18.5,0.8285333355267842,0.6852000117301941,12_4100,35,2523
2012,5.5,1844.5,19.200000762939453,0.8578000068664551,0.6852000117301941,12_4100,36,2623
2013,5.5,2319.0,18.399999618530273,0.9373999953269958,0.6852000117301941,12_4100,37,2722
2014,5.5,1762.800048828125,17.700000762939453,0.6166000008583069,0.6852000117301941,12_4100,38,2818
2015,5.5,1755.5,19.600000381469727,0.6389000058174134,0.6852000117301941,12_4100,39,3224
2016,5.5,1738.5,19.299999237060547,0.6612000107765198,0.6852000117301941,12_4100,40,3628
2017,5.5,2061.60009765625,19.5,0.691266671816508,0.6852000117301941,12_4100,41,4034
2018,5.5,1856.5,19.600000381469727,0.7213333328564961,0.6852000117301941,12_4100,42,4454
2019,5.5,1628.4000244140625,19.5,0.7513999938964844,0.6852000117301941,12_4100,43,4868
1990,4.0,812.9000244140625,23.899999618530273,2.0796000003814696,2.0796000003814696,12_4101,23,61
1991,4.0,1543.0999755859375,23.5,2.221000003814697,2.0796000003814696,12_4101,24,184
1992,4.0,1347.4000244140625,22.700000762939453,0.5222000002861023,2.0796000003814696,12_4101,25,220
1993,4.0,1126.0999755859375,22.600000381469727,0.5285999953746796,2.0796000003814696,12_4101,26,325
1994,4.0,1726.9000244140625,23.200000762939453,0.5349999904632569,2.0796000003814696,12_4101,27,427
1995,4.0,1099.699951171875,22.799999237060547,0.5611999928951263,2.0796000003814696,12_4101,28,544
1996,4.0,1440.4000244140625,22.399999618530273,0.5873999953269958,2.0796000003814696,12_4101,29,648
1990,4.0,1383.9000244140625,25.600000381469727,0.6525999903678894,0.6525999903678894,12_4103,8,259
1991,4.0,1834.199951171875,25.399999618530273,0.6493000030517578,0.6525999903678894,12_4103,9,672
1992,4.0,1563.199951171875,24.799999237060547,0.6460000157356263,0.6525999903678894,12_4103,10,1229
1993,4.0,1625.199951171875,25.0,0.6334000110626221,0.6525999903678894,12_4103,11,1475
1994,4.0,2091.0,25.5,0.620800006389618,0.6525999903678894,12_4103,12,1777
1995,4.0,2012.300048828125,25.0,0.6718000024557114,0.6525999903678894,12_4103,13,2028
1996,4.0,1537.5999755859375,24.700000762939453,0.7227999985218048,0.6525999903678894,12_4103,14,2742
1997,4.0,1846.300048828125,25.600000381469727,0.7737999945878983,0.6525999903678894,12_4103,15,3506
1998,4.0,1732.199951171875,25.899999618530273,0.8247999906539917,0.6525999903678894,12_4103,16,4343
1990,4.400000095367432,804.7999877929688,21.799999237060547,0.8110000014305114,0.8110000014305114,12_4105,6,326
1991,4.400000095367432,1843.5999755859375,21.399999618530273,0.8288000047206878,0.8110000014305114,12_4105,7,798
1992,4.400000095367432,1619.5,20.5,0.8466000080108642,0.8110000014305114,12_4105,8,1500
1990,7.300000190734863,1338.0,24.700000762939453,0.5995999932289123,0.5995999932289123,12_4106,3,1462
1991,7.300000190734863,1869.300048828125,24.299999237060547,0.60799999833107,0.5995999932289123,12_4106,4,2479
1992,7.300000190734863,1646.9000244140625,23.799999237060547,0.6164000034332275,0.5995999932289123,12_4106,5,3557
1993,7.300000190734863,1678.699951171875,23.899999618530273,0.618500006198883,0.5995999932289123,12_4106,6,4660
1994,7.300000190734863,2163.60009765625,24.399999618530273,0.6206000089645386,0.5995999932289123,12_4106,7,5640
1995,7.300000190734863,1688.5999755859375,23.899999618530273,0.7110000073909759,0.5995999932289123,12_4106,8,6858
1996,7.300000190734863,1250.0999755859375,23.700000762939453,0.8014000058174133,0.5995999932289123,12_4106,9,8476
1997,7.300000190734863,1585.800048828125,24.299999237060547,0.8918000042438508,0.5995999932289123,12_4106,10,10144
1998,7.300000190734863,1728.4000244140625,24.5,0.9822000026702881,0.5995999932289123,12_4106,11,11931
1999,7.300000190734863,1684.300048828125,23.899999618530273,0.9317000031471252,0.5995999932289123,12_4106,12,13856
2000,7.300000190734863,1191.9000244140625,23.700000762939453,0.8812000036239624,0.5995999932289123,12_4106,13,15563
2001,7.300000190734863,1728.9000244140625,23.899999618530273,0.9569999992847443,0.5995999932289123,12_4106,14,17002
2002,7.300000190734863,1546.5999755859375,24.700000762939453,1.0327999949455262,0.5995999932289123,12_4106,15,18755
2003,7.300000190734863,1710.699951171875,24.100000381469727,0.9598999977111817,0.5995999932289123,12_4106,16,20453
2004,7.300000190734863,1397.0999755859375,23.299999237060547,0.8870000004768371,0.5995999932289123,12_4106,17,22271
2005,7.300000190734863,1658.300048828125,23.299999237060547,0.8763999938964844,0.5995999932289123,12_4106,18,24225
2006,7.300000190734863,1320.9000244140625,24.0,0.8657999873161316,0.5995999932289123,12_4106,19,26258
2007,7.300000190734863,1709.199951171875,24.399999618530273,0.9101333260536194,0.5995999932289123,12_4106,20,28256
2008,7.300000190734863,1687.5,23.899999618530273,0.9544666647911072,0.5995999932289123,12_4106,21,30196
2009,7.300000190734863,1552.9000244140625,23.899999618530273,0.998800003528595,0.5995999932289123,12_4106,22,31534
1990,2.799999952316284,1189.300048828125,23.899999618530273,1.1495999813079834,1.1495999813079834,12_4107,7,214
1991,2.799999952316284,1720.699951171875,23.799999237060547,1.1729999899864196,1.1495999813079834,12_4107,8,308
1992,2.799999952316284,1465.9000244140625,22.700000762939453,1.196399998664856,1.1495999813079834,12_4107,9,442
1993,2.799999952316284,1737.800048828125,22.600000381469727,1.1749999999999998,1.1495999813079834,12_4107,10,587
1994,2.799999952316284,1974.199951171875,23.700000762939453,1.153600001335144,1.1495999813079834,12_4107,11,687
1995,2.799999952316284,1668.699951171875,22.799999237060547,1.2379999995231628,1.1495999813079834,12_4107,12,802
1996,2.799999952316284,1494.5,22.700000762939453,1.3223999977111816,1.1495999813079834,12_4107,13,951
1997,2.799999952316284,1600.5,23.200000762939453,1.4067999958992004,1.1495999813079834,12_4107,14,1155
1998,2.799999952316284,1789.300048828125,22.799999237060547,1.4911999940872191,1.1495999813079834,12_4107,15,1332
1990,5.199999809265137,1543.5,20.299999237060547,0.7021999955177307,0.7021999955177307,12_4108,4,298
1991,5.199999809265137,2296.89990234375,20.100000381469727,0.7186999976634979,0.7021999955177307,12_4108,5,542
1992,5.199999809265137,1943.300048828125,19.299999237060547,0.7351999998092651,0.7021999955177307,12_4108,6,741
1990,3.700000047683716,1068.699951171875,23.399999618530273,2.6240000247955324,2.6240000247955324,12_4135,19,1979
1991,3.700000047683716,1283.9000244140625,23.5,2.0187999963760377,2.6240000247955324,12_4135,20,2782
1992,3.700000047683716,1335.0,22.5,0.5222000122070313,2.6240000247955324,12_4135,21,3724
1993,3.700000047683716,1176.699951171875,22.299999237060547,0.5076333433389664,2.6240000247955324,12_4135,22,3908
1994,3.700000047683716,1494.300048828125,23.399999618530273,0.4930666744709015,2.6240000247955324,12_4135,23,4773
1995,3.700000047683716,1428.5999755859375,22.799999237060547,0.4785000056028366,2.6240000247955324,12_4135,24,5617
1996,3.700000047683716,1310.699951171875,22.100000381469727,0.4639333367347717,2.6240000247955324,12_4135,25,6778
1997,3.700000047683716,1351.5,22.700000762939453,0.44936666786670687,2.6240000247955324,12_4135,26,7831
1998,3.700000047683716,1134.0,23.200000762939453,0.43479999899864197,2.6240000247955324,12_4135,27,8967
1999,3.700000047683716,1072.800048828125,22.5,0.41900000274181365,2.6240000247955324,12_4135,28,9996
2000,3.700000047683716,804.7000122070312,22.100000381469727,0.40320000648498533,2.6240000247955324,12_4135,29,11056
2001,3.700000047683716,1442.4000244140625,22.5,0.528600001335144,2.6240000247955324,12_4135,30,12148
2002,3.700000047683716,1592.0,23.100000381469727,0.6539999961853027,2.6240000247955324,12_4135,31,13272
2003,3.700000047683716,1436.699951171875,23.700000762939453,0.6000999927520752,2.6240000247955324,12_4135,32,14430
2004,3.700000047683716,1824.9000244140625,23.899999618530273,0.5461999893188476,2.6240000247955324,12_4135,33,15623
1990,3.799999952316284,1068.800048828125,23.399999618530273,2.8920000076293944,2.8920000076293944,12_4136,19,1979
1991,3.799999952316284,1287.199951171875,23.5,3.134600067138672,2.8920000076293944,12_4136,20,2843
1992,3.799999952316284,1349.5,22.5,0.5985999941825867,2.8920000076293944,12_4136,21,4027
1993,3.799999952316284,1170.0,22.299999237060547,0.5843999981880188,2.8920000076293944,12_4136,22,4211
1994,3.799999952316284,1502.5999755859375,23.399999618530273,0.5702000021934509,2.8920000076293944,12_4136,23,5156
1995,3.799999952316284,1427.199951171875,22.700000762939453,0.5532500013709069,2.8920000076293944,12_4136,24,6000
1996,3.799999952316284,1321.0,22.0,0.5363000005483627,2.8920000076293944,12_4136,25,7149
1997,3.799999952316284,1358.0999755859375,22.700000762939453,0.5193499997258186,2.8920000076293944,12_4136,26,7844
1998,3.799999952316284,1134.5999755859375,23.200000762939453,0.5023999989032746,2.8920000076293944,12_4136,27,8980
1999,3.799999952316284,1078.9000244140625,22.5,0.5068999975919724,2.8920000076293944,12_4136,28,9997
2000,3.799999952316284,798.0,22.100000381469727,0.5113999962806701,2.8920000076293944,12_4136,29,11044
2001,3.799999952316284,1442.0,22.5,0.5690999925136566,2.8920000076293944,12_4136,30,12123
2002,3.799999952316284,1586.199951171875,23.100000381469727,0.6267999887466431,2.8920000076293944,12_4136,31,13234
2003,3.799999952316284,1433.5999755859375,23.799999237060547,0.5890999913215638,2.8920000076293944,12_4136,32,14378
2004,3.799999952316284,1842.0999755859375,24.0,0.5513999938964844,2.8920000076293944,12_4136,33,15557
1990,5.199999809265137,1064.9000244140625,23.299999237060547,1.4589999914169312,1.4589999914169312,12_4137,20,1979
1991,5.199999809265137,1279.300048828125,23.5,1.7450000286102294,1.4589999914169312,12_4137,21,2576
1992,5.199999809265137,1350.699951171875,22.5,0.44860000610351564,1.4589999914169312,12_4137,22,3190
1993,5.199999809265137,1161.5999755859375,22.299999237060547,0.43863333761692047,1.4589999914169312,12_4137,23,4213
1994,5.199999809265137,1493.0,23.399999618530273,0.4286666691303253,1.4589999914169312,12_4137,24,5209
1995,5.199999809265137,1419.699951171875,22.700000762939453,0.41870000064373014,1.4589999914169312,12_4137,25,6088
1996,5.199999809265137,1332.5,22.0,0.40873333215713503,1.4589999914169312,12_4137,26,7034
1997,5.199999809265137,1335.9000244140625,22.700000762939453,0.39876666367053987,1.4589999914169312,12_4137,27,8004
1998,5.199999809265137,1078.5,23.200000762939453,0.3887999951839447,1.4589999914169312,12_4137,28,9077
1999,5.199999809265137,1061.4000244140625,22.5,0.36599999368190766,1.4589999914169312,12_4137,29,10026
2000,5.199999809265137,785.0999755859375,22.100000381469727,0.3431999921798706,1.4589999914169312,12_4137,30,11403
2001,5.199999809265137,1440.5,22.399999618530273,0.4215999931097031,1.4589999914169312,12_4137,31,12503
2002,5.199999809265137,1569.199951171875,23.100000381469727,0.49999999403953554,1.4589999914169312,12_4137,32,13202
2003,5.199999809265137,1426.199951171875,23.899999618530273,0.5297999978065491,1.4589999914169312,12_4137,33,13849
2004,5.199999809265137,1887.4000244140625,24.100000381469727,0.5596000015735626,1.4589999914169312,12_4137,34,14194
2005,5.199999809265137,1816.5999755859375,22.899999618530273,0.5894000053405761,1.4589999914169312,12_4137,35,14671
1990,1.7000000476837158,1041.9000244140625,22.700000762939453,1.5871999979019165,1.5871999979019165,12_4154,20,342
1991,1.7000000476837158,1759.0999755859375,22.5,1.8570000171661376,1.5871999979019165,12_4154,21,424
1992,1.7000000476837158,1366.699951171875,21.5,1.998800015449524,1.5871999979019165,12_4154,22,532
1993,1.7000000476837158,1014.0,21.5,1.9459000110626221,1.5871999979019165,12_4154,23,644
1994,1.7000000476837158,1787.800048828125,22.399999618530273,1.8930000066757202,1.5871999979019165,12_4154,24,767
1995,1.7000000476837158,1349.300048828125,22.100000381469727,2.24579998254776,1.5871999979019165,12_4154,25,931
1996,1.7000000476837158,1544.199951171875,21.399999618530273,2.5985999584197996,1.5871999979019165,12_4154,26,1100
1990,3.9000000953674316,825.0,21.799999237060547,0.9465999960899353,0.9465999960899353,12_9054,16,252
1991,3.9000000953674316,1770.699951171875,21.299999237060547,0.9937999963760376,0.9465999960899353,12_9054,17,619
1992,3.9000000953674316,1613.0999755859375,20.299999237060547,0.9850000023841858,0.9465999960899353,12_9054,18,1058
1993,3.9000000953674316,1289.5999755859375,20.200000762939453,1.0129999935626985,0.9465999960899353,12_9054,19,1450
1994,3.9000000953674316,1538.800048828125,20.799999237060547,1.040999984741211,0.9465999960899353,12_9054,20,1861
1995,3.9000000953674316,1561.300048828125,20.399999618530273,1.1084999918937684,0.9465999960899353,12_9054,21,2387
1996,3.9000000953674316,1418.5999755859375,19.799999237060547,1.1759999990463257,0.9465999960899353,12_9054,22,2891
1990,4.0,825.0,21.799999237060547,1.0004000186920166,1.0004000186920166,12_A310,16,252
1991,4.0,1770.699951171875,21.299999237060547,1.0248000025749207,1.0004000186920166,12_A310,17,658
1992,4.0,1613.0999755859375,20.299999237060547,1.0491999864578248,1.0004000186920166,12_A310,18,1087
1993,4.0,1289.5999755859375,20.200000762939453,1.0673999905586244,1.0004000186920166,12_A310,19,1479
1994,4.0,1538.800048828125,20.799999237060547,1.085599994659424,1.0004000186920166,12_A310,20,1890
1995,4.0,1561.300048828125,20.399999618530273,1.1366000056266785,1.0004000186920166,12_A310,21,2416
1996,4.0,1418.5999755859375,19.799999237060547,1.187600016593933,1.0004000186920166,12_A310,22,2920
1990,4.0,825.0,21.799999237060547,0.7185999989509583,0.7185999989509583,12_A320,16,252
1991,4.0,1770.699951171875,21.299999237060547,0.8990000128746033,0.7185999989509583,12_A320,17,658
1992,4.0,1613.0999755859375,20.299999237060547,0.8623999953269958,0.7185999989509583,12_A320,18,1087
1990,4.099999904632568,825.0,21.799999237060547,0.6671999931335449,0.6671999931335449,12_A321,16,252
1991,4.099999904632568,1770.699951171875,21.299999237060547,0.6572999954223633,0.6671999931335449,12_A321,17,658
1992,4.099999904632568,1613.0999755859375,20.299999237060547,0.6473999977111816,0.6671999931335449,12_A321,18,1087
1993,4.099999904632568,1289.5999755859375,20.200000762939453,0.6779499977827073,0.6671999931335449,12_A321,19,1479
1994,4.099999904632568,1538.800048828125,20.799999237060547,0.7084999978542328,0.6671999931335449,12_A321,20,1890
1995,4.099999904632568,1561.300048828125,20.399999618530273,0.7390499979257583,0.6671999931335449,12_A321,21,2416
1996,4.099999904632568,1418.5999755859375,19.799999237060547,0.769599997997284,0.6671999931335449,12_A321,22,2920
1990,4.099999904632568,825.0,21.799999237060547,0.8699999928474427,0.8699999928474427,12_A330,16,252
1991,4.099999904632568,1770.699951171875,21.299999237060547,0.9041999936103821,0.8699999928474427,12_A330,17,658
1992,4.099999904632568,1613.0999755859375,20.299999237060547,0.9002000093460083,0.8699999928474427,12_A330,18,1087
1993,4.099999904632568,1289.5999755859375,20.200000762939453,0.9430000126361847,0.8699999928474427,12_A330,19,1479
1994,4.099999904632568,1538.800048828125,20.799999237060547,0.9858000159263611,0.8699999928474427,12_A330,20,1890
1995,4.099999904632568,1561.300048828125,20.399999618530273,1.072900003194809,0.8699999928474427,12_A330,21,2416
1996,4.099999904632568,1418.5999755859375,19.799999237060547,1.1599999904632567,0.8699999928474427,12_A330,22,2920
1990,4.099999904632568,825.0,21.799999237060547,0.9787999987602234,0.9787999987602234,12_A350,16,252
1991,4.099999904632568,1770.699951171875,21.299999237060547,1.0609999656677247,0.9787999987602234,12_A350,17,658
1992,4.099999904632568,1613.0999755859375,20.299999237060547,0.9784000039100647,0.9787999987602234,12_A350,18,1087
1993,4.099999904632568,1289.5999755859375,20.200000762939453,1.0288000047206878,0.9787999987602234,12_A350,19,1479
1994,4.099999904632568,1538.800048828125,20.799999237060547,1.0792000055313111,0.9787999987602234,12_A350,20,1890
1995,4.099999904632568,1561.300048828125,20.399999618530273,1.125600004196167,0.9787999987602234,12_A350,21,2416
1996,4.099999904632568,1418.5999755859375,19.799999237060547,1.172000002861023,0.9787999987602234,12_A350,22,2920
1990,4.099999904632568,825.0,21.799999237060547,0.9042000055313111,0.9042000055313111,12_A351,16,252
1991,4.099999904632568,1770.699951171875,21.299999237060547,1.0367999792098999,0.9042000055313111,12_A351,17,658
1992,4.099999904632568,1613.0999755859375,20.299999237060547,0.96839998960495,0.9042000055313111,12_A351,18,1087
1993,4.099999904632568,1289.5999755859375,20.200000762939453,0.9893999934196472,0.9042000055313111,12_A351,19,1479
1994,4.099999904632568,1538.800048828125,20.799999237060547,1.0103999972343445,0.9042000055313111,12_A351,20,1890
1995,4.099999904632568,1561.300048828125,20.399999618530273,1.0625000059604646,0.9042000055313111,12_A351,21,2416
1996,4.099999904632568,1418.5999755859375,19.799999237060547,1.1146000146865844,0.9042000055313111,12_A351,22,2920
1990,4.099999904632568,825.0,21.799999237060547,0.8835999965667725,0.8835999965667725,12_A352,16,252
1991,4.099999904632568,1770.699951171875,21.299999237060547,0.973800003528595,0.8835999965667725,12_A352,17,658
1992,4.099999904632568,1613.0999755859375,20.299999237060547,0.9200000166893005,0.8835999965667725,12_A352,18,1087
1993,4.099999904632568,1289.5999755859375,20.200000762939453,0.9416000068187713,0.8835999965667725,12_A352,19,1479
1994,4.099999904632568,1538.800048828125,20.799999237060547,0.9631999969482422,0.8835999965667725,12_A352,20,1890
1995,4.099999904632568,1561.300048828125,20.399999618530273,1.0215999960899353,0.8835999965667725,12_A352,21,2416
1996,4.099999904632568,1418.5999755859375,19.799999237060547,1.0799999952316284,0.8835999965667725,12_A352,22,2920
2016,4.599999904632568,1154.199951171875,20.5,0.8275999903678894,0.8275999903678894,12_AA01,19,99
2017,4.599999904632568,1269.5,20.799999237060547,0.8305999875068665,0.8275999903678894,12_AA01,20,195
2018,4.599999904632568,1820.5,20.399999618530273,0.896999990940094,0.8275999903678894,12_AA01,21,304
2019,4.599999904632568,1082.5999755859375,21.0,1.002999985218048,0.8275999903678894,12_AA01,22,421
2020,4.599999904632568,1699.699951171875,21.100000381469727,1.0234000205993652,0.8275999903678894,12_AA01,23,543
2021,4.599999904632568,1443.0,20.299999237060547,1.0615999937057494,0.8275999903678894,12_AA01,24,653
2022,4.599999904632568,1115.800048828125,20.100000381469727,1.112999963760376,0.8275999903678894,12_AA01,25,758
2016,5.099999904632568,1154.199951171875,20.5,1.2064000010490417,1.2064000010490417,12_AA02,19,99
2017,5.099999904632568,1269.5,20.799999237060547,0.8583999991416931,1.2064000010490417,12_AA02,20,195
2018,5.099999904632568,1820.5,20.399999618530273,0.924399995803833,1.2064000010490417,12_AA02,21,304
2019,5.099999904632568,1082.5999755859375,21.0,0.9914000034332275,1.2064000010490417,12_AA02,22,421
2020,5.099999904632568,1699.699951171875,21.100000381469727,1.0203999876976013,1.2064000010490417,12_AA02,23,543
2021,5.099999904632568,1443.0,20.299999237060547,1.128600001335144,1.2064000010490417,12_AA02,24,653
2022,5.099999904632568,1115.800048828125,20.100000381469727,1.4290000200271606,1.2064000010490417,12_AA02,25,758
2016,4.800000190734863,1154.199951171875,20.5,1.4616999864578246,1.4616999864578246,12_AA03,19,99
2017,4.800000190734863,1269.5,20.799999237060547,0.9793999910354614,1.4616999864578246,12_AA03,20,195
2018,4.800000190734863,1820.5,20.399999618530273,1.1368000030517578,1.4616999864578246,12_AA03,21,304
2019,4.800000190734863,1082.5999755859375,21.0,1.2553999900817872,1.4616999864578246,12_AA03,22,421
2020,4.800000190734863,1699.699951171875,21.100000381469727,1.4898000001907348,1.4616999864578246,12_AA03,23,543
2021,4.800000190734863,1443.0,20.299999237060547,1.4370000123977662,1.4616999864578246,12_AA03,24,653
2022,4.800000190734863,1115.800048828125,20.100000381469727,1.5745999813079834,1.4616999864578246,12_AA03,25,758
2016,4.800000190734863,1154.199951171875,20.5,1.0997000098228455,1.0997000098228455,12_AA61,19,99
2017,4.800000190734863,1269.5,20.799999237060547,0.8455999970436097,1.0997000098228455,12_AA61,20,195
2018,4.800000190734863,1820.5,20.399999618530273,0.9452000141143799,1.0997000098228455,12_AA61,21,304
2019,4.800000190734863,1082.5999755859375,21.0,1.1562000036239624,1.0997000098228455,12_AA61,22,421
2020,4.800000190734863,1699.699951171875,21.100000381469727,1.2085999965667724,1.0997000098228455,12_AA61,23,543
2021,4.800000190734863,1443.0,20.299999237060547,1.2462000131607056,1.0997000098228455,12_AA61,24,653
2022,4.800000190734863,1115.800048828125,20.100000381469727,1.3163999795913697,1.0997000098228455,12_AA61,25,758
1990,3.700000047683716,833.5,21.899999618530273,0.9491999983787537,0.9491999983787537,12_B310,16,436
1991,3.700000047683716,1731.5999755859375,21.600000381469727,0.8570000052452087,0.9491999983787537,12_B310,17,764
1992,3.700000047683716,1522.5,20.799999237060547,0.7769999861717224,0.9491999983787537,12_B310,18,1163
1993,3.700000047683716,1299.800048828125,20.700000762939453,0.8040999948978425,0.9491999983787537,12_B310,19,1621
1994,3.700000047683716,1662.5999755859375,21.200000762939453,0.8312000036239624,0.9491999983787537,12_B310,20,2003
1990,3.799999952316284,833.5,21.899999618530273,1.0104000091552734,1.0104000091552734,12_B320,16,436
1991,3.799999952316284,1731.5999755859375,21.600000381469727,1.1766000270843506,1.0104000091552734,12_B320,17,764
1992,3.799999952316284,1522.5,20.799999237060547,1.1483999967575074,1.0104000091552734,12_B320,18,1163
1990,3.700000047683716,833.5,21.899999618530273,0.9009999930858612,0.9009999930858612,12_B321,16,436
1991,3.700000047683716,1731.5999755859375,21.600000381469727,0.8067999958992005,0.9009999930858612,12_B321,17,764
1992,3.700000047683716,1522.5,20.799999237060547,0.7716000080108643,0.9009999930858612,12_B321,18,1163
1993,3.700000047683716,1299.800048828125,20.700000762939453,0.7995000064373017,0.9009999930858612,12_B321,19,1621
1994,3.700000047683716,1662.5999755859375,21.200000762939453,0.827400004863739,0.9009999930858612,12_B321,20,2003
1990,3.700000047683716,833.5,21.899999618530273,0.9758000135421753,0.9758000135421753,12_B330,16,436
1991,3.700000047683716,1731.5999755859375,21.600000381469727,1.028600001335144,0.9758000135421753,12_B330,17,764
1992,3.700000047683716,1522.5,20.799999237060547,0.9661999940872192,0.9758000135421753,12_B330,18,1163
1993,3.700000047683716,1299.800048828125,20.700000762939453,0.9726999998092651,0.9758000135421753,12_B330,19,1621
1994,3.700000047683716,1662.5999755859375,21.200000762939453,0.979200005531311,0.9758000135421753,12_B330,20,2003
1990,3.799999952316284,833.5,21.899999618530273,1.2703999996185302,1.2703999996185302,12_B350,16,436
1991,3.799999952316284,1731.5999755859375,21.600000381469727,1.2490000009536744,1.2703999996185302,12_B350,17,764
1992,3.799999952316284,1522.5,20.799999237060547,1.1972000122070312,1.2703999996185302,12_B350,18,1163
1993,3.799999952316284,1299.800048828125,20.700000762939453,1.2205000162124633,1.2703999996185302,12_B350,19,1621
1994,3.799999952316284,1662.5999755859375,21.200000762939453,1.2438000202178956,1.2703999996185302,12_B350,20,2003
1990,3.9000000953674316,833.5,21.899999618530273,0.9101999998092651,0.9101999998092651,12_B351,16,436
1991,3.9000000953674316,1731.5999755859375,21.600000381469727,1.002399981021881,0.9101999998092651,12_B351,17,764
1992,3.9000000953674316,1522.5,20.799999237060547,0.9315999984741211,0.9101999998092651,12_B351,18,1163
1993,3.9000000953674316,1299.800048828125,20.700000762939453,0.9296000003814697,0.9101999998092651,12_B351,19,1621
1994,3.9000000953674316,1662.5999755859375,21.200000762939453,0.9276000022888183,0.9101999998092651,12_B351,20,2003
1990,3.799999952316284,833.5,21.899999618530273,0.8539999961853028,0.8539999961853028,12_B352,16,436
1991,3.799999952316284,1731.5999755859375,21.600000381469727,0.9675999999046325,0.8539999961853028,12_B352,17,764
1992,3.799999952316284,1522.5,20.799999237060547,0.8806000113487243,0.8539999961853028,12_B352,18,1163
1993,3.799999952316284,1299.800048828125,20.700000762939453,0.898800003528595,0.8539999961853028,12_B352,19,1621
1994,3.799999952316284,1662.5999755859375,21.200000762939453,0.9169999957084656,0.8539999961853028,12_B352,20,2003
1990,3.700000047683716,833.5,21.899999618530273,0.8593999981880188,0.8593999981880188,12_B360,16,436
1991,3.700000047683716,1731.5999755859375,21.600000381469727,1.484600019454956,0.8593999981880188,12_B360,17,764
1992,3.700000047683716,1522.5,20.799999237060547,1.3242000102996827,0.8593999981880188,12_B360,18,1163
1993,3.700000047683716,1299.800048828125,20.700000762939453,1.3438000202178957,0.8593999981880188,12_B360,19,1621
1994,3.700000047683716,1662.5999755859375,21.200000762939453,1.3634000301361084,0.8593999981880188,12_B360,20,2003
1990,1.2000000476837158,1041.9000244140625,22.700000762939453,1.8319999933242799,1.8319999933242799,12_C310,20,342
1991,1.2000000476837158,1759.0999755859375,22.5,0.9187999963760376,1.8319999933242799,12_C310,21,424
1992,1.2000000476837158,1366.699951171875,21.5,0.8692000031471252,1.8319999933242799,12_C310,22,528
1993,1.2000000476837158,1014.0,21.5,0.871799999475479,1.8319999933242799,12_C310,23,640
1994,1.2000000476837158,1787.800048828125,22.399999618530273,0.874399995803833,1.8319999933242799,12_C310,24,763
1995,1.2000000476837158,1349.300048828125,22.100000381469727,0.9040499955415726,1.8319999933242799,12_C310,25,927
1996,1.2000000476837158,1544.199951171875,21.399999618530273,0.9336999952793121,1.8319999933242799,12_C310,26,1096
1997,1.2000000476837158,1480.4000244140625,22.200000762939453,0.9633499950170517,1.8319999933242799,12_C310,27,1410
1998,1.2000000476837158,1133.800048828125,22.899999618530273,0.9929999947547913,1.8319999933242799,12_C310,28,1589
1990,1.2999999523162842,1041.9000244140625,22.700000762939453,1.879200005531311,1.879200005531311,12_C320,20,342
1991,1.2999999523162842,1759.0999755859375,22.5,1.2605999946594237,1.879200005531311,12_C320,21,424
1992,1.2999999523162842,1366.699951171875,21.5,1.2004000186920165,1.879200005531311,12_C320,22,528
1993,1.2999999523162842,1014.0,21.5,1.3515333573023478,1.879200005531311,12_C320,23,640
1994,1.2999999523162842,1787.800048828125,22.399999618530273,1.5026666959126789,1.879200005531311,12_C320,24,763
1995,1.2999999523162842,1349.300048828125,22.100000381469727,1.6538000345230102,1.879200005531311,12_C320,25,927
1996,1.2999999523162842,1544.199951171875,21.399999618530273,1.8049333731333412,1.879200005531311,12_C320,26,1096
1997,1.2999999523162842,1480.4000244140625,22.200000762939453,1.9560667117436727,1.879200005531311,12_C320,27,1410
1998,1.2999999523162842,1133.800048828125,22.899999618530273,2.107200050354004,1.879200005531311,12_C320,28,1589
1990,1.2999999523162842,1041.9000244140625,22.700000762939453,1.0098000168800354,1.0098000168800354,12_C321,20,342
1991,1.2999999523162842,1759.0999755859375,22.5,1.1635999917984008,1.0098000168800354,12_C321,21,424
1992,1.2999999523162842,1366.699951171875,21.5,1.005999994277954,1.0098000168800354,12_C321,22,528
1993,1.2999999523162842,1014.0,21.5,1.1236000061035156,1.0098000168800354,12_C321,23,640
1994,1.2999999523162842,1787.800048828125,22.399999618530273,1.2412000179290772,1.0098000168800354,12_C321,24,763
1995,1.2999999523162842,1349.300048828125,22.100000381469727,1.532950007915497,1.0098000168800354,12_C321,25,927
1996,1.2999999523162842,1544.199951171875,21.399999618530273,1.8246999979019165,1.0098000168800354,12_C321,26,1096
1997,1.2999999523162842,1480.4000244140625,22.200000762939453,2.1164499878883363,1.0098000168800354,12_C321,27,1410
1998,1.2999999523162842,1133.800048828125,22.899999618530273,2.408199977874756,1.0098000168800354,12_C321,28,1589
1990,1.2999999523162842,1041.9000244140625,22.700000762939453,1.2543999910354615,1.2543999910354615,12_C330,20,342
1991,1.2999999523162842,1759.0999755859375,22.5,1.3211999893188477,1.2543999910354615,12_C330,21,424
1992,1.2999999523162842,1366.699951171875,21.5,1.2444000005722047,1.2543999910354615,12_C330,22,528
1993,1.2999999523162842,1014.0,21.5,1.3116999983787538,1.2543999910354615,12_C330,23,640
1994,1.2999999523162842,1787.800048828125,22.399999618530273,1.3789999961853028,1.2543999910354615,12_C330,24,763
1995,1.2999999523162842,1349.300048828125,22.100000381469727,1.5105499982833863,1.2543999910354615,12_C330,25,927
1996,1.2999999523162842,1544.199951171875,21.399999618530273,1.6421000003814696,1.2543999910354615,12_C330,26,1096
1997,1.2999999523162842,1480.4000244140625,22.200000762939453,1.7736500024795532,1.2543999910354615,12_C330,27,1410
1998,1.2999999523162842,1133.800048828125,22.899999618530273,1.9052000045776367,1.2543999910354615,12_C330,28,1589
1990,1.2999999523162842,1041.9000244140625,22.700000762939453,1.092799997329712,1.092799997329712,12_C350,20,342
1991,1.2999999523162842,1759.0999755859375,22.5,1.2582000017166137,1.092799997329712,12_C350,21,424
1992,1.2999999523162842,1366.699951171875,21.5,1.203600001335144,1.092799997329712,12_C350,22,528
1993,1.2999999523162842,1014.0,21.5,1.2683000087738037,1.092799997329712,12_C350,23,640
1994,1.2999999523162842,1787.800048828125,22.399999618530273,1.3330000162124633,1.092799997329712,12_C350,24,763
1995,1.2999999523162842,1349.300048828125,22.100000381469727,1.3710500180721283,1.092799997329712,12_C350,25,927
1996,1.2999999523162842,1544.199951171875,21.399999618530273,1.4091000199317931,1.092799997329712,12_C350,26,1096
1997,1.2999999523162842,1480.4000244140625,22.200000762939453,1.4471500217914581,1.092799997329712,12_C350,27,1410
1998,1.2999999523162842,1133.800048828125,22.899999618530273,1.4852000236511231,1.092799997329712,12_C350,28,1589
