YEAR,SN,PRECIPITATION,TEMPERATURE,IRI,INITIAL_IRI,STATION_ID,AGE,ACCUMULATED_AADTT
1990,3.400000095,753,21.10000038,0.673599982,0.673599982,48_0001,1,118
1991,3.400000095,1311.599976,20.20000076,0.691999984,0.673599982,48_0001,2,251
1992,3.400000095,1186.199951,20.10000038,0.710399985,0.673599982,48_0001,3,465
1993,3.400000095,712.5999756,19.89999962,0.720599997,0.673599982,48_0001,4,718
1994,3.400000095,1002.099976,20.70000076,0.733499998,0.673599982,48_0001,5,1011
1995,3.400000095,861,20.29999924,0.746399999,0.673599982,48_0001,6,1353
1996,3.400000095,740.7999878,20.5,0.750900012,0.673599982,48_0001,7,1736
1997,3.400000095,1185.699951,19.39999962,0.755400026,0.673599982,48_0001,8,1996
1998,3.400000095,998.0999756,21.29999924,0.762999988,0.673599982,48_0001,9,2375
1999,3.400000095,611.7000122,21.39999962,0.799400008,0.673599982,48_0001,10,2769
2000,3.400000095,984.9000244,20.89999962,0.945700008,0.673599982,48_0001,11,3162
2001,3.400000095,1107.199951,20.10000038,1.092000008,0.673599982,48_0001,12,3591
2002,3.400000095,943.5999756,20.20000076,1.191799998,0.673599982,48_0001,13,4032
2003,3.400000095,568.4000244,20.5,1.271799999,0.673599982,48_0001,14,4490
2004,3.400000095,1315.699951,20.39999962,1.351800001,0.673599982,48_0001,15,4910
2005,3.400000095,593.7000122,20.79999924,1.502799996,0.673599982,48_0001,16,5607
2006,3.400000095,835.5999756,21.60000038,1.653799991,0.673599982,48_0001,17,6358
2007,3.400000095,1197.699951,20.10000038,1.804799986,0.673599982,48_0001,18,7104
1997,6.800000191,678,22.79999924,1.028800011,1.028800011,48_0113,0,1054
1998,6.800000191,626.7000122,24.29999924,1.088599992,1.028800011,48_0113,1,2139
1999,6.800000191,613.5999756,24.10000038,1.073399973,1.028800011,48_0113,2,3257
2000,6.800000191,436.6000061,24,1.058199978,1.028800011,48_0113,3,4365
2001,6.800000191,545.9000244,23.70000076,1.118499982,1.028800011,48_0113,4,5499
2002,6.800000191,635.7000122,23.70000076,1.06214999,1.028800011,48_0113,5,6746
2003,6.800000191,850.9000244,23.39999962,1.005799997,1.028800011,48_0113,6,8290
2004,6.800000191,659.5999756,23.60000038,1.038849998,1.028800011,48_0113,7,9497
2005,6.800000191,403.2999878,24.10000038,1.071899998,1.028800011,48_0113,8,10652
2006,6.800000191,576.2999878,24.29999924,1.120549995,1.028800011,48_0113,9,12083
2007,6.800000191,553.7999878,23.29999924,1.169199991,1.028800011,48_0113,10,13778
1997,7.900000095,678,22.79999924,0.806599998,0.806599998,48_0114,0,1054
1998,7.900000095,626.7000122,24.29999924,0.901800001,0.806599998,48_0114,1,2139
1999,7.900000095,613.5999756,24.10000038,0.877800012,0.806599998,48_0114,2,3257
2000,7.900000095,436.6000061,24,0.8426,0.806599998,48_0114,3,4365
2001,7.900000095,545.9000244,23.70000076,0.882499999,0.806599998,48_0114,4,5499
2002,7.900000095,635.7000122,23.70000076,0.919349995,0.806599998,48_0114,5,6746
2003,7.900000095,850.9000244,23.39999962,0.956199992,0.806599998,48_0114,6,8290
2004,7.900000095,659.5999756,23.60000038,0.969099993,0.806599998,48_0114,7,9497
2005,7.900000095,403.2999878,24.10000038,0.981999993,0.806599998,48_0114,8,10652
2006,7.900000095,576.2999878,24.29999924,1.000799996,0.806599998,48_0114,9,12083
2007,7.900000095,553.7999878,23.29999924,1.019599998,0.806599998,48_0114,10,13778
1997,7.300000191,678,22.79999924,0.880999994,0.880999994,48_0115,0,1054
1998,7.300000191,626.7000122,24.29999924,0.996599972,0.880999994,48_0115,1,2139
1999,7.300000191,613.5999756,24.10000038,1.28440001,0.880999994,48_0115,2,3257
2000,7.300000191,436.6000061,24,1.164199996,0.880999994,48_0115,3,4365
2001,7.300000191,545.9000244,23.70000076,1.215799999,0.880999994,48_0115,4,5499
2002,7.300000191,635.7000122,23.70000076,1.203199995,0.880999994,48_0115,5,6746
2003,7.300000191,850.9000244,23.39999962,1.19059999,0.880999994,48_0115,6,8290
2004,7.300000191,659.5999756,23.60000038,1.211249995,0.880999994,48_0115,7,9497
2005,7.300000191,403.2999878,24.10000038,1.231900001,0.880999994,48_0115,8,10652
2006,7.300000191,576.2999878,24.29999924,1.263349998,0.880999994,48_0115,9,12083
2007,7.300000191,553.7999878,23.29999924,1.294799995,0.880999994,48_0115,10,13778
1997,7.699999809,678,22.79999924,1.09059999,1.09059999,48_0116,0,1054
1998,7.699999809,626.7000122,24.29999924,1.066799998,1.09059999,48_0116,1,2139
1999,7.699999809,613.5999756,24.10000038,1.765799975,1.09059999,48_0116,2,3257
2000,7.699999809,436.6000061,24,1.575200009,1.09059999,48_0116,3,4365
2001,7.699999809,545.9000244,23.70000076,1.653200018,1.09059999,48_0116,4,5499
2002,7.699999809,635.7000122,23.70000076,1.305900002,1.09059999,48_0116,5,6746
2003,7.699999809,850.9000244,23.39999962,0.958599985,1.09059999,48_0116,6,8290
2004,7.699999809,659.5999756,23.60000038,0.975249997,1.09059999,48_0116,7,9497
2005,7.699999809,403.2999878,24.10000038,0.991900009,1.09059999,48_0116,8,10652
2006,7.699999809,576.2999878,24.29999924,1.009849998,1.09059999,48_0116,9,12083
2007,7.699999809,553.7999878,23.29999924,1.027799988,1.09059999,48_0116,10,13778
1997,6.900000095,678,22.79999924,0.710000002,0.710000002,48_0117,0,1054
1998,6.900000095,626.7000122,24.29999924,0.729999983,0.710000002,48_0117,1,2139
1999,6.900000095,613.5999756,24.10000038,0.741999984,0.710000002,48_0117,2,3257
2000,6.900000095,436.6000061,24,0.744000006,0.710000002,48_0117,3,4365
2001,6.900000095,545.9000244,23.70000076,0.748199999,0.710000002,48_0117,4,5499
2002,6.900000095,635.7000122,23.70000076,0.884799987,0.710000002,48_0117,5,6746
2003,6.900000095,850.9000244,23.39999962,1.021399975,0.710000002,48_0117,6,8290
2004,6.900000095,659.5999756,23.60000038,1.048049986,0.710000002,48_0117,7,9497
2005,6.900000095,403.2999878,24.10000038,1.074699998,0.710000002,48_0117,8,10652
2006,6.900000095,576.2999878,24.29999924,1.113450003,0.710000002,48_0117,9,12083
2007,6.900000095,553.7999878,23.29999924,1.152200007,0.710000002,48_0117,10,13778
1997,8.699999809,678,22.79999924,0.8704,0.8704,48_0118,0,1054
1998,8.699999809,626.7000122,24.29999924,0.858600008,0.8704,48_0118,1,2139
1999,8.699999809,613.5999756,24.10000038,0.919599998,0.8704,48_0118,2,3257
2000,8.699999809,436.6000061,24,0.9204,0.8704,48_0118,3,4365
2001,8.699999809,545.9000244,23.70000076,0.842700005,0.8704,48_0118,4,5499
2002,8.699999809,635.7000122,23.70000076,0.997350001,0.8704,48_0118,5,6746
2003,8.699999809,850.9000244,23.39999962,1.151999998,0.8704,48_0118,6,8290
2004,8.699999809,659.5999756,23.60000038,1.170700002,0.8704,48_0118,7,9497
2005,8.699999809,403.2999878,24.10000038,1.189400005,0.8704,48_0118,8,10652
2006,8.699999809,576.2999878,24.29999924,1.237600005,0.8704,48_0118,9,12083
2007,8.699999809,553.7999878,23.29999924,1.285800004,0.8704,48_0118,10,13778
1997,6.400000095,678,22.79999924,0.807600009,0.807600009,48_0119,0,1054
1998,6.400000095,626.7000122,24.29999924,0.851200008,0.807600009,48_0119,1,2139
1999,6.400000095,613.5999756,24.10000038,1.319400001,0.807600009,48_0119,2,3257
2000,6.400000095,436.6000061,24,1.224999976,0.807600009,48_0119,3,4365
2001,6.400000095,545.9000244,23.70000076,1.133199996,0.807600009,48_0119,4,5499
2002,6.400000095,635.7000122,23.70000076,1.067499992,0.807600009,48_0119,5,6746
2003,6.400000095,850.9000244,23.39999962,1.001799989,0.807600009,48_0119,6,8290
2004,6.400000095,659.5999756,23.60000038,1.07924999,0.807600009,48_0119,7,9497
2005,6.400000095,403.2999878,24.10000038,1.156699991,0.807600009,48_0119,8,10652
2006,6.400000095,576.2999878,24.29999924,1.267449999,0.807600009,48_0119,9,12083
2007,6.400000095,553.7999878,23.29999924,1.378200006,0.807600009,48_0119,10,13778
1997,6.300000191,678,22.79999924,0.771200001,0.771200001,48_0120,0,1054
1998,6.300000191,626.7000122,24.29999924,0.846599984,0.771200001,48_0120,1,2139
1999,6.300000191,613.5999756,24.10000038,0.847399998,0.771200001,48_0120,2,3257
2000,6.300000191,436.6000061,24,0.761200011,0.771200001,48_0120,3,4365
2001,6.300000191,545.9000244,23.70000076,1.061800003,0.771200001,48_0120,4,5499
2002,6.300000191,635.7000122,23.70000076,1.079400003,0.771200001,48_0120,5,6746
2003,6.300000191,850.9000244,23.39999962,1.097000003,0.771200001,48_0120,6,8290
2004,6.300000191,659.5999756,23.60000038,1.130399996,0.771200001,48_0120,7,9497
2005,6.300000191,403.2999878,24.10000038,1.163799989,0.771200001,48_0120,8,10652
2006,6.300000191,576.2999878,24.29999924,1.30399999,0.771200001,48_0120,9,12083
2007,6.300000191,553.7999878,23.29999924,1.444199991,0.771200001,48_0120,10,13778
1997,7.800000191,678,22.79999924,0.759599996,0.759599996,48_0121,0,1054
1998,7.800000191,626.7000122,24.29999924,0.884200001,0.759599996,48_0121,1,2139
1999,7.800000191,613.5999756,24.10000038,0.924599993,0.759599996,48_0121,2,3257
2000,7.800000191,436.6000061,24,0.843200004,0.759599996,48_0121,3,4365
2001,7.800000191,545.9000244,23.70000076,1.129799992,0.759599996,48_0121,4,5499
2002,7.800000191,635.7000122,23.70000076,1.06719999,0.759599996,48_0121,5,6746
2003,7.800000191,850.9000244,23.39999962,1.004599988,0.759599996,48_0121,6,8290
2004,7.800000191,659.5999756,23.60000038,1.030099988,0.759599996,48_0121,7,9497
2005,7.800000191,403.2999878,24.10000038,1.055599988,0.759599996,48_0121,8,10652
2006,7.800000191,576.2999878,24.29999924,1.083299989,0.759599996,48_0121,9,12083
2007,7.800000191,553.7999878,23.29999924,1.11099999,0.759599996,48_0121,10,13778
1997,7.400000095,678,22.79999924,0.734200001,0.734200001,48_0122,0,1054
1998,7.400000095,626.7000122,24.29999924,0.802600002,0.734200001,48_0122,1,2139
1999,7.400000095,613.5999756,24.10000038,0.755800009,0.734200001,48_0122,2,3257
2000,7.400000095,436.6000061,24,0.745999992,0.734200001,48_0122,3,4365
2001,7.400000095,545.9000244,23.70000076,0.792399997,0.734200001,48_0122,4,5499
2002,7.400000095,635.7000122,23.70000076,0.886299995,0.734200001,48_0122,5,6746
2003,7.400000095,850.9000244,23.39999962,0.980199993,0.734200001,48_0122,6,8290
2004,7.400000095,659.5999756,23.60000038,1.001449999,0.734200001,48_0122,7,9497
2005,7.400000095,403.2999878,24.10000038,1.022700006,0.734200001,48_0122,8,10652
2006,7.400000095,576.2999878,24.29999924,1.123550001,0.734200001,48_0122,9,12083
2007,7.400000095,553.7999878,23.29999924,1.224399996,0.734200001,48_0122,10,13778
1997,9.300000191,678,22.79999924,0.851199996,0.851199996,48_0123,0,1054
1998,9.300000191,626.7000122,24.29999924,0.883399999,0.851199996,48_0123,1,2139
1999,9.300000191,613.5999756,24.10000038,0.849599993,0.851199996,48_0123,2,3257
2000,9.300000191,436.6000061,24,0.817799997,0.851199996,48_0123,3,4365
2001,9.300000191,545.9000244,23.70000076,0.882100004,0.851199996,48_0123,4,5499
2002,9.300000191,635.7000122,23.70000076,0.927450004,0.851199996,48_0123,5,6746
2003,9.300000191,850.9000244,23.39999962,0.972800004,0.851199996,48_0123,6,8290
2004,9.300000191,659.5999756,23.60000038,0.992150006,0.851199996,48_0123,7,9497
2005,9.300000191,403.2999878,24.10000038,1.011500007,0.851199996,48_0123,8,10652
2006,9.300000191,576.2999878,24.29999924,1.154250005,0.851199996,48_0123,9,12083
2007,9.300000191,553.7999878,23.29999924,1.297000003,0.851199996,48_0123,10,13778
1997,10.30000019,678,22.79999924,0.851399994,0.851399994,48_0124,0,1054
1998,10.30000019,626.7000122,24.29999924,1.054200006,0.851399994,48_0124,1,2139
1999,10.30000019,613.5999756,24.10000038,0.944800007,0.851399994,48_0124,2,3257
2000,10.30000019,436.6000061,24,0.855799997,0.851399994,48_0124,3,4365
2001,10.30000019,545.9000244,23.70000076,0.960599995,0.851399994,48_0124,4,5499
2002,10.30000019,635.7000122,23.70000076,0.898499995,0.851399994,48_0124,5,6746
2003,10.30000019,850.9000244,23.39999962,0.836399996,0.851399994,48_0124,6,8290
2004,10.30000019,659.5999756,23.60000038,0.859599996,0.851399994,48_0124,7,9497
2005,10.30000019,403.2999878,24.10000038,0.882799995,0.851399994,48_0124,8,10652
2006,10.30000019,576.2999878,24.29999924,0.991100007,0.851399994,48_0124,9,12083
2007,10.30000019,553.7999878,23.29999924,1.09940002,0.851399994,48_0124,10,13778
1997,6.400000095,678,22.79999924,0.836000001,0.836000001,48_0160,0,1054
1998,6.400000095,626.7000122,24.29999924,1.057400012,0.836000001,48_0160,1,2139
1999,6.400000095,613.5999756,24.10000038,0.773799992,0.836000001,48_0160,2,3257
2000,6.400000095,436.6000061,24,0.738800013,0.836000001,48_0160,3,4365
2001,6.400000095,545.9000244,23.70000076,0.850300002,0.836000001,48_0160,4,5499
2002,6.400000095,635.7000122,23.70000076,0.980449998,0.836000001,48_0160,5,6746
2003,6.400000095,850.9000244,23.39999962,1.110599995,0.836000001,48_0160,6,8290
2004,6.400000095,659.5999756,23.60000038,1.129999983,0.836000001,48_0160,7,9497
2005,6.400000095,403.2999878,24.10000038,1.149399972,0.836000001,48_0160,8,10652
2006,6.400000095,576.2999878,24.29999924,1.185199976,0.836000001,48_0160,9,12083
2007,6.400000095,553.7999878,23.29999924,1.22099998,0.836000001,48_0160,10,13778
1997,5.699999809,678,22.79999924,1.103399992,1.103399992,48_0161,0,1054
1998,5.699999809,626.7000122,24.29999924,1.278800011,1.103399992,48_0161,1,2139
1999,5.699999809,613.5999756,24.10000038,0.996000016,1.103399992,48_0161,2,3257
2000,5.699999809,436.6000061,24,0.961799991,1.103399992,48_0161,3,4365
2001,5.699999809,545.9000244,23.70000076,1.027900004,1.103399992,48_0161,4,5499
2002,5.699999809,635.7000122,23.70000076,1.131050003,1.103399992,48_0161,5,6746
2003,5.699999809,850.9000244,23.39999962,1.234200001,1.103399992,48_0161,6,8290
2004,5.699999809,659.5999756,23.60000038,1.208799994,1.103399992,48_0161,7,9497
2005,5.699999809,403.2999878,24.10000038,1.183399987,1.103399992,48_0161,8,10652
2006,5.699999809,576.2999878,24.29999924,1.238199997,1.103399992,48_0161,9,12083
2007,5.699999809,553.7999878,23.29999924,1.293000007,1.103399992,48_0161,10,13778
1997,5.599999905,678,22.79999924,0.784800005,0.784800005,48_0162,0,1054
1998,5.599999905,626.7000122,24.29999924,1.003999996,0.784800005,48_0162,1,2139
1999,5.599999905,613.5999756,24.10000038,0.83499999,0.784800005,48_0162,2,3257
2000,5.599999905,436.6000061,24,0.829999995,0.784800005,48_0162,3,4365
2001,5.599999905,545.9000244,23.70000076,1.071700001,0.784800005,48_0162,4,5499
2002,5.599999905,635.7000122,23.70000076,1.02105,0.784800005,48_0162,5,6746
2003,5.599999905,850.9000244,23.39999962,0.9704,0.784800005,48_0162,6,8290
2004,5.599999905,659.5999756,23.60000038,0.994200003,0.784800005,48_0162,7,9497
2005,5.599999905,403.2999878,24.10000038,1.018000007,0.784800005,48_0162,8,10652
2006,5.599999905,576.2999878,24.29999924,1.034299994,0.784800005,48_0162,9,12083
2007,5.599999905,553.7999878,23.29999924,1.05059998,0.784800005,48_0162,10,13778
1997,6,678,22.79999924,0.920200014,0.920200014,48_0163,0,1054
1998,6,626.7000122,24.29999924,1.099600005,0.920200014,48_0163,1,2139
1999,6,613.5999756,24.10000038,1.266999984,0.920200014,48_0163,2,3257
2000,6,436.6000061,24,1.221199989,0.920200014,48_0163,3,4365
2001,6,545.9000244,23.70000076,1.128299999,0.920200014,48_0163,4,5499
2002,6,635.7000122,23.70000076,1.108749986,0.920200014,48_0163,5,6746
2003,6,850.9000244,23.39999962,1.089199972,0.920200014,48_0163,6,8290
2004,6,659.5999756,23.60000038,1.10769999,0.920200014,48_0163,7,9497
2005,6,403.2999878,24.10000038,1.126200008,0.920200014,48_0163,8,10652
2006,6,576.2999878,24.29999924,1.165200007,0.920200014,48_0163,9,12083
2007,6,553.7999878,23.29999924,1.204200006,0.920200014,48_0163,10,13778
1997,4.800000191,678,22.79999924,0.850999987,0.850999987,48_0164,0,1054
1998,4.800000191,626.7000122,24.29999924,0.905199993,0.850999987,48_0164,1,2139
1999,4.800000191,613.5999756,24.10000038,0.757400012,0.850999987,48_0164,2,3257
2000,4.800000191,436.6000061,24,0.750800002,0.850999987,48_0164,3,4365
2001,4.800000191,545.9000244,23.70000076,0.857999998,0.850999987,48_0164,4,5499
2002,4.800000191,635.7000122,23.70000076,0.856900004,0.850999987,48_0164,5,6746
2003,4.800000191,850.9000244,23.39999962,0.855800009,0.850999987,48_0164,6,8290
2004,4.800000191,659.5999756,23.60000038,0.883200008,0.850999987,48_0164,7,9497
2005,4.800000191,403.2999878,24.10000038,0.910600007,0.850999987,48_0164,8,10652
2006,4.800000191,576.2999878,24.29999924,0.955900007,0.850999987,48_0164,9,12083
2007,4.800000191,553.7999878,23.29999924,1.001200008,0.850999987,48_0164,10,13778
1997,5.300000191,678,22.79999924,0.82559998,0.82559998,48_0165,0,1054
1998,5.300000191,626.7000122,24.29999924,0.86220001,0.82559998,48_0165,1,2139
1999,5.300000191,613.5999756,24.10000038,0.837800014,0.82559998,48_0165,2,3257
2000,5.300000191,436.6000061,24,0.828600001,0.82559998,48_0165,3,4365
2001,5.300000191,545.9000244,23.70000076,0.821600014,0.82559998,48_0165,4,5499
2002,5.300000191,635.7000122,23.70000076,0.921200004,0.82559998,48_0165,5,6746
2003,5.300000191,850.9000244,23.39999962,1.020799994,0.82559998,48_0165,6,8290
2004,5.300000191,659.5999756,23.60000038,1.028299999,0.82559998,48_0165,7,9497
2005,5.300000191,403.2999878,24.10000038,1.035800004,0.82559998,48_0165,8,10652
2006,5.300000191,576.2999878,24.29999924,1.137899995,0.82559998,48_0165,9,12083
2007,5.300000191,553.7999878,23.29999924,1.239999986,0.82559998,48_0165,10,13778
1997,6.800000191,678,22.79999924,0.975200009,0.975200009,48_0166,0,1054
1998,6.800000191,626.7000122,24.29999924,1.033599997,0.975200009,48_0166,1,2139
1999,6.800000191,613.5999756,24.10000038,0.938199997,0.975200009,48_0166,2,3257
2000,6.800000191,436.6000061,24,0.923200011,0.975200009,48_0166,3,4365
2001,6.800000191,545.9000244,23.70000076,1.103599989,0.975200009,48_0166,4,5499
2002,6.800000191,635.7000122,23.70000076,1.027499992,0.975200009,48_0166,5,6746
2003,6.800000191,850.9000244,23.39999962,0.951399994,0.975200009,48_0166,6,8290
2004,6.800000191,659.5999756,23.60000038,0.970999992,0.975200009,48_0166,7,9497
2005,6.800000191,403.2999878,24.10000038,0.99059999,0.975200009,48_0166,8,10652
2006,6.800000191,576.2999878,24.29999924,1.032799995,0.975200009,48_0166,9,12083
2007,6.800000191,553.7999878,23.29999924,1.075,0.975200009,48_0166,10,13778
1997,5,678,22.79999924,0.866799986,0.866799986,48_0167,0,1054
1998,5,626.7000122,24.29999924,0.975399995,0.866799986,48_0167,1,2139
1999,5,613.5999756,24.10000038,1.008799982,0.866799986,48_0167,2,3257
2000,5,436.6000061,24,0.995200014,0.866799986,48_0167,3,4365
2001,5,545.9000244,23.70000076,1.083099997,0.866799986,48_0167,4,5499
2002,5,635.7000122,23.70000076,1.119950002,0.866799986,48_0167,5,6746
2003,5,850.9000244,23.39999962,1.156800008,0.866799986,48_0167,6,8290
2004,5,659.5999756,23.60000038,1.354000008,0.866799986,48_0167,7,9497
2005,5,403.2999878,24.10000038,1.551200008,0.866799986,48_0167,8,10652
2006,5,576.2999878,24.29999924,1.876699996,0.866799986,48_0167,9,12083
2007,5,553.7999878,23.29999924,2.202199984,0.866799986,48_0167,10,13778
1997,3.799999952,1167.900024,19.39999962,0.763,0.763,48_0801,1,32
1998,3.799999952,1235.699951,21,0.758933334,0.763,48_0801,2,61
1999,3.799999952,684.9000244,20.89999962,0.754866668,0.763,48_0801,3,86
2000,3.799999952,1000.299988,20.60000038,0.750800002,0.763,48_0801,4,115
2001,3.799999952,1193.099976,20.20000076,0.757400012,0.763,48_0801,5,145
2002,3.799999952,1121.099976,20,0.715400004,0.763,48_0801,6,175
2003,3.799999952,1041.199951,19.89999962,0.744899988,0.763,48_0801,7,228
2004,3.799999952,1445.400024,20.29999924,0.755400002,0.763,48_0801,8,261
2005,3.799999952,691.7000122,20.60000038,0.772300002,0.763,48_0801,9,295
2006,3.799999952,1148.599976,20.89999962,0.789200002,0.763,48_0801,10,364
2007,3.799999952,1202.599976,19,0.806100002,0.763,48_0801,11,418
2008,3.799999952,734.5999756,19.20000076,0.823000002,0.763,48_0801,12,634
2009,3.799999952,1055.699951,20.39999962,1.022799993,0.763,48_0801,13,783
2010,3.799999952,731.5,20.29999924,1.129899991,0.763,48_0801,14,862
2011,3.799999952,591.0999756,20.70000076,1.207974997,0.763,48_0801,15,983
2012,3.799999952,980.5999756,21,1.286050004,0.763,48_0801,16,1023
2013,3.799999952,1030.699951,20.10000038,1.36412501,0.763,48_0801,17,1128
2014,3.799999952,1044.699951,19.39999962,1.442200017,0.763,48_0801,18,1242
2015,3.799999952,1524.699951,20.20000076,1.572199988,0.763,48_0801,19,1367
2016,3.799999952,1253.099976,21,1.531200004,0.763,48_0801,20,1503
2017,3.799999952,1310.699951,21.5,1.612066666,0.763,48_0801,21,1651
2018,3.799999952,1351.699951,20.29999924,1.692933329,0.763,48_0801,22,1810
2019,3.799999952,935.7000122,20.60000038,1.773799992,0.763,48_0801,23,1973
2020,3.799999952,862,21.29999924,1.908533335,0.763,48_0801,24,2143
2021,3.799999952,1022.799988,21.10000038,2.043266678,0.763,48_0801,25,2320
2022,3.799999952,890,21.29999924,2.178000021,0.763,48_0801,26,2503
1997,5.599999905,1167.900024,19.39999962,1.053799987,1.053799987,48_0802,1,32
1998,5.599999905,1235.699951,21,1.057199987,1.053799987,48_0802,2,61
1999,5.599999905,684.9000244,20.89999962,1.060599987,1.053799987,48_0802,3,86
2000,5.599999905,1000.299988,20.60000038,1.063999987,1.053799987,48_0802,4,115
2001,5.599999905,1193.099976,20.20000076,1.038400006,1.053799987,48_0802,5,145
2002,5.599999905,1121.099976,20,1.024800014,1.053799987,48_0802,6,175
2003,5.599999905,1041.199951,19.89999962,1.037899995,1.053799987,48_0802,7,228
2004,5.599999905,1445.400024,20.29999924,1.05059998,1.053799987,48_0802,8,261
2005,5.599999905,691.7000122,20.60000038,1.052999979,1.053799987,48_0802,9,295
2006,5.599999905,1148.599976,20.89999962,1.055399978,1.053799987,48_0802,10,364
2007,5.599999905,1202.599976,19,1.057799977,1.053799987,48_0802,11,418
2008,5.599999905,734.5999756,19.20000076,1.060199976,1.053799987,48_0802,12,634
2009,5.599999905,1055.699951,20.39999962,1.22559998,1.053799987,48_0802,13,783
2010,5.599999905,731.5,20.29999924,1.267400002,1.053799987,48_0802,14,862
2011,5.599999905,591.0999756,20.70000076,1.268100005,1.053799987,48_0802,15,983
2012,5.599999905,980.5999756,21,1.268800008,1.053799987,48_0802,16,1023
2013,5.599999905,1030.699951,20.10000038,1.269500011,1.053799987,48_0802,17,1128
2014,5.599999905,1044.699951,19.39999962,1.270200014,1.053799987,48_0802,18,1242
2015,5.599999905,1524.699951,20.20000076,1.324799967,1.053799987,48_0802,19,1367
2016,5.599999905,1253.099976,21,1.354400015,1.053799987,48_0802,20,1503
2017,5.599999905,1310.699951,21.5,1.371933349,1.053799987,48_0802,21,1651
2018,5.599999905,1351.699951,20.29999924,1.389466683,1.053799987,48_0802,22,1810
2019,5.599999905,935.7000122,20.60000038,1.407000017,1.053799987,48_0802,23,1982
2020,5.599999905,862,21.29999924,1.489866678,1.053799987,48_0802,24,2167
2021,5.599999905,1022.799988,21.10000038,1.572733339,1.053799987,48_0802,25,2366
2022,5.599999905,890,21.29999924,1.655599999,1.053799987,48_0802,26,2549
1996,3.400000095,474,20.79999924,0.903600013,0.903600013,48_0901,1,874
1997,3.400000095,958.4000244,19.70000076,1.001150003,0.903600013,48_0901,2,1774
1998,3.400000095,990.5999756,21.20000076,1.098699993,0.903600013,48_0901,3,2289
1999,3.400000095,478.5,21.29999924,1.196249983,0.903600013,48_0901,4,2915
2000,3.400000095,893.5,21,1.293799973,0.903600013,48_0901,5,3502
2001,3.400000095,1016,20.39999962,1.329499984,0.903600013,48_0901,6,4212
2002,3.400000095,1136.199951,20.20000076,1.365199995,0.903600013,48_0901,7,4980
2003,3.400000095,734.7000122,20.29999924,1.349600029,0.903600013,48_0901,8,5915
2004,3.400000095,1264.199951,20.5,1.431120024,0.903600013,48_0901,9,6833
2005,3.400000095,533.2000122,21.20000076,1.512640018,0.903600013,48_0901,10,7754
2006,3.400000095,519.2999878,21.89999962,1.594160013,0.903600013,48_0901,11,9304
2007,3.400000095,1386.900024,20.10000038,1.675680008,0.903600013,48_0901,12,10904
2008,3.400000095,365.1000061,21.5,1.757200003,0.903600013,48_0901,13,12311
2009,3.400000095,651.5,22.39999962,1.633100009,0.903600013,48_0901,14,13792
2010,3.400000095,667.9000244,20.5,1.509000015,0.903600013,48_0901,15,15346
2011,3.400000095,355.3999939,22.10000038,1.558350015,0.903600013,48_0901,16,16974
2012,3.400000095,750.5,20.89999962,1.607700014,0.903600013,48_0901,17,18675
2013,3.400000095,758.5,20.60000038,1.657050014,0.903600013,48_0901,18,20450
2014,3.400000095,681.7000122,20.5,1.706400013,0.903600013,48_0901,19,22298
2015,3.400000095,1100.5,20.79999924,1.804199982,0.903600013,48_0901,20,24220
2016,3.400000095,1099,21.20000076,1.900200009,0.903600013,48_0901,21,26215
1996,3.099999905,474,20.79999924,0.713000011,0.713000011,48_0902,1,874
1997,3.099999905,958.4000244,19.70000076,0.741300008,0.713000011,48_0902,2,1774
1998,3.099999905,990.5999756,21.20000076,0.769600004,0.713000011,48_0902,3,2289
1999,3.099999905,478.5,21.29999924,0.7979,0.713000011,48_0902,4,2915
2000,3.099999905,893.5,21,0.826199996,0.713000011,48_0902,5,3502
2001,3.099999905,1016,20.39999962,0.858099997,0.713000011,48_0902,6,4212
2002,3.099999905,1136.199951,20.20000076,0.889999998,0.713000011,48_0902,7,4980
2003,3.099999905,734.7000122,20.29999924,0.888999999,0.713000011,48_0902,8,5915
2004,3.099999905,1264.199951,20.5,0.974239998,0.713000011,48_0902,9,6833
2005,3.099999905,533.2000122,21.20000076,1.059479997,0.713000011,48_0902,10,7754
2006,3.099999905,519.2999878,21.89999962,1.144719996,0.713000011,48_0902,11,9304
2007,3.099999905,1386.900024,20.10000038,1.229959996,0.713000011,48_0902,12,10904
2008,3.099999905,365.1000061,21.5,1.315199995,0.713000011,48_0902,13,12311
2009,3.099999905,651.5,22.39999962,1.155799997,0.713000011,48_0902,14,13792
2010,3.099999905,667.9000244,20.5,0.996399999,0.713000011,48_0902,15,15346
2011,3.099999905,355.3999939,22.10000038,0.997499993,0.713000011,48_0902,16,16974
2012,3.099999905,750.5,20.89999962,0.998599988,0.713000011,48_0902,17,18675
2013,3.099999905,758.5,20.60000038,0.999699983,0.713000011,48_0902,18,20450
2014,3.099999905,681.7000122,20.5,1.000799978,0.713000011,48_0902,19,22298
2015,3.099999905,1100.5,20.79999924,0.987,0.713000011,48_0902,20,24220
2016,3.099999905,1099,21.20000076,1.046799994,0.713000011,48_0902,21,26215
1996,3.200000048,474,20.79999924,0.736800003,0.736800003,48_0903,1,874
1997,3.200000048,958.4000244,19.70000076,0.747550002,0.736800003,48_0903,2,1774
1998,3.200000048,990.5999756,21.20000076,0.7583,0.736800003,48_0903,3,2289
1999,3.200000048,478.5,21.29999924,0.769049999,0.736800003,48_0903,4,2915
2000,3.200000048,893.5,21,0.779799998,0.736800003,48_0903,5,3502
2001,3.200000048,1016,20.39999962,0.788700002,0.736800003,48_0903,6,4212
2002,3.200000048,1136.199951,20.20000076,0.797600007,0.736800003,48_0903,7,4980
2003,3.200000048,734.7000122,20.29999924,0.842599988,0.736800003,48_0903,8,5915
2004,3.200000048,1264.199951,20.5,0.934679995,0.736800003,48_0903,9,6833
2005,3.200000048,533.2000122,21.20000076,1.026760001,0.736800003,48_0903,10,7754
2006,3.200000048,519.2999878,21.89999962,1.118840008,0.736800003,48_0903,11,9304
2007,3.200000048,1386.900024,20.10000038,1.210920014,0.736800003,48_0903,12,10904
2008,3.200000048,365.1000061,21.5,1.303000021,0.736800003,48_0903,13,12311
2009,3.200000048,651.5,22.39999962,1.203800011,0.736800003,48_0903,14,13792
2010,3.200000048,667.9000244,20.5,1.1046,0.736800003,48_0903,15,15346
2011,3.200000048,355.3999939,22.10000038,1.113700002,0.736800003,48_0903,16,16974
2012,3.200000048,750.5,20.89999962,1.122800004,0.736800003,48_0903,17,18675
2013,3.200000048,758.5,20.60000038,1.131900007,0.736800003,48_0903,18,20450
2014,3.200000048,681.7000122,20.5,1.141000009,0.736800003,48_0903,19,22298
2015,3.200000048,1100.5,20.79999924,1.212800002,0.736800003,48_0903,20,24220
2016,3.200000048,1099,21.20000076,1.206999993,0.736800003,48_0903,21,26215
1990,5.699999809,1194,19.5,1.033999991,1.033999991,48_1039,8,449
1991,5.699999809,1502.900024,18.79999924,1.36099999,1.033999991,48_1039,9,879
1992,5.699999809,1164,18.60000038,1.823099983,1.033999991,48_1039,10,1297
1993,5.699999809,950.5999756,18.29999924,2.285199976,1.033999991,48_1039,11,1819
1994,5.699999809,1138.699951,18.79999924,1.967099988,1.033999991,48_1039,12,2395
1995,5.699999809,1069.900024,18.89999962,1.649000001,1.033999991,48_1039,13,3089
1996,5.699999809,803.5,19.20000076,2.599600029,1.033999991,48_1039,14,3475
1997,5.699999809,1234.099976,18.39999962,1.771300006,1.033999991,48_1039,15,4053
1998,5.699999809,1013.400024,20.39999962,0.942999983,1.033999991,48_1039,16,4752
1999,5.699999809,735.7999878,20.20000076,1.062933326,1.033999991,48_1039,17,5613
2000,5.699999809,1165.400024,19.5,1.182866669,1.033999991,48_1039,18,6465
2001,5.699999809,1075.699951,19.10000038,1.302800012,1.033999991,48_1039,19,7321
2002,5.699999809,925.9000244,18.39999962,1.263100028,1.033999991,48_1039,20,8065
2003,5.699999809,784.0999756,18.39999962,1.223400044,1.033999991,48_1039,21,8957
2004,5.699999809,1210.400024,18.70000076,1.246000016,1.033999991,48_1039,22,9901
2005,5.699999809,571.4000244,19.20000076,1.268599987,1.033999991,48_1039,23,11001
1990,7.199999809,429.2000122,14,1.336199999,1.336199999,48_1046,35,1706
1991,7.199999809,613.2999878,13.69999981,1.437399983,1.336199999,48_1046,36,3201
1992,7.199999809,607.7999878,13.30000019,1.468299985,1.336199999,48_1046,37,4975
1993,7.199999809,518.2999878,12.80000019,1.499199986,1.336199999,48_1046,38,6784
1994,7.199999809,482.8999939,14,1.494199991,1.336199999,48_1046,39,8710
1995,7.199999809,589.2999878,13.60000038,1.719249988,1.336199999,48_1046,40,10739
1996,7.199999809,531,13.60000038,1.944299984,1.336199999,48_1046,41,12860
1997,7.199999809,799.7999878,12.80000019,2.16934998,1.336199999,48_1046,42,15016
1998,7.199999809,477.8999939,14.60000038,2.394399977,1.336199999,48_1046,43,17248
1999,7.199999809,678.2999878,14.19999981,2.939999914,1.336199999,48_1046,44,19547
2000,7.199999809,490.5,14.30000019,2.860899949,1.336199999,48_1046,45,21915
2001,7.199999809,522.7000122,14.39999962,2.781799984,1.336199999,48_1046,46,24354
1990,9,461.7000122,14.30000019,2.080200005,2.080200005,48_1047,20,1585
1991,9,607,13.89999962,2.095000029,2.080200005,48_1047,21,3270
1992,9,602.7999878,13.60000038,2.129700041,2.080200005,48_1047,22,4889
1993,9,513.4000244,13,2.164400053,2.080200005,48_1047,23,6452
1994,9,465.2000122,14.19999981,1.583799982,2.080200005,48_1047,24,8105
1995,9,610,13.60000038,2.075149989,2.080200005,48_1047,25,10056
1996,9,542.7999878,13.60000038,2.566499996,2.080200005,48_1047,26,12431
1997,9,813.2000122,12.89999962,3.057850003,2.080200005,48_1047,27,14682
1998,9,469,14.69999981,3.54920001,2.080200005,48_1047,28,17226
1999,9,651.0999756,14.30000019,4.062199974,2.080200005,48_1047,29,19928
1990,3.5,225.5,18.10000038,1.629600024,1.629600024,48_1048,16,143
1991,3.5,532.2000122,17.60000038,1.81239996,1.629600024,48_1048,17,286
1992,3.5,467.7999878,17.39999962,1.799199975,1.629600024,48_1048,18,434
1993,3.5,271.5,17.60000038,1.78599999,1.629600024,48_1048,19,594
1994,3.5,238.1000061,18.70000076,1.996000051,1.629600024,48_1048,20,749
1990,2.900000095,885.4000244,20.70000076,1.207399988,1.207399988,48_1050,5,178
1991,2.900000095,1354.099976,20.10000038,1.350000024,1.207399988,48_1050,6,339
1992,2.900000095,1366.5,19.70000076,1.378800011,1.207399988,48_1050,7,510
1993,2.900000095,1281.099976,19.29999924,1.557200003,1.207399988,48_1050,8,661
1994,2.900000095,1317.699951,19.89999962,1.735599995,1.207399988,48_1050,9,860
1995,2.900000095,1043.300049,20.10000038,1.886199999,1.207399988,48_1050,10,1103
1996,2.900000095,824.2000122,20.29999924,2.036800003,1.207399988,48_1050,11,1416
1990,1.799999952,404,14.30000019,1.286999989,1.286999989,48_1056,21,107
1991,1.799999952,549.9000244,14.19999981,1.409599996,1.286999989,48_1056,22,197
1992,1.799999952,561.7000122,13.60000038,1.738599956,1.286999989,48_1056,23,287
1993,1.799999952,563.7999878,12.69999981,2.067599916,1.286999989,48_1056,24,357
1994,1.799999952,513.0999756,13.69999981,2.013099957,1.286999989,48_1056,25,447
1995,1.799999952,622.2999878,13.10000038,1.958599997,1.286999989,48_1056,26,536
1996,1.799999952,737.5999756,13,1.857933331,1.286999989,48_1056,27,668
1997,1.799999952,681.5,12.60000038,1.757266665,1.286999989,48_1056,28,874
1998,1.799999952,645.9000244,14.30000019,1.656599998,1.286999989,48_1056,29,1039
1999,1.799999952,598.7999878,13.89999962,1.706500006,1.286999989,48_1056,30,1192
2000,1.799999952,689.2000122,14,1.756400013,1.286999989,48_1056,31,1357
2001,1.799999952,492.6000061,14.60000038,1.836733333,1.286999989,48_1056,32,1533
2002,1.799999952,533.7999878,13.39999962,1.917066654,1.286999989,48_1056,33,1701
2003,1.799999952,503.7999878,13.89999962,1.997399974,1.286999989,48_1056,34,1875
2004,1.799999952,694,13.69999981,1.952799976,1.286999989,48_1056,35,2068
2005,1.799999952,538.0999756,13.80000019,1.908199978,1.286999989,48_1056,36,2294
2006,1.799999952,528.7999878,14.5,1.905239983,1.286999989,48_1056,37,2584
2007,1.799999952,568.5999756,12.89999962,1.902279987,1.286999989,48_1056,38,2810
2008,1.799999952,562,13.10000038,1.899319992,1.286999989,48_1056,39,3002
2009,1.799999952,489.7999878,13.60000038,1.896359997,1.286999989,48_1056,40,3193
2010,1.799999952,710.9000244,13.89999962,1.893400002,1.286999989,48_1056,41,3386
1990,4.099999905,452.2999878,14.5,2.084400034,2.084400034,48_1065,21,132
1991,4.099999905,584.4000244,14.10000038,2.130999994,2.084400034,48_1065,22,314
1992,4.099999905,524,14,2.279999971,2.084400034,48_1065,23,463
1993,4.099999905,505,13.80000019,2.428999949,2.084400034,48_1065,24,635
1994,4.099999905,463.2000122,14.69999981,2.656799984,2.084400034,48_1065,25,786
1995,4.099999905,434.3999939,14.30000019,3.11693333,2.084400034,48_1065,26,917
1996,4.099999905,502.3999939,14.30000019,3.577066676,2.084400034,48_1065,27,1279
1997,4.099999905,641.5,13.5,4.037200022,2.084400034,48_1065,28,1824
1990,7.400000095,1623.599976,18,1.09920001,1.09920001,48_1068,3,307
1991,7.400000095,1524.400024,17.89999962,1.129200006,1.09920001,48_1068,4,613
1992,7.400000095,1363.400024,16.89999962,1.17845,1.09920001,48_1068,5,940
1993,7.400000095,1232.900024,16.60000038,1.227699995,1.09920001,48_1068,6,1288
1994,7.400000095,1259.400024,17,1.244076921,1.09920001,48_1068,7,1665
1995,7.400000095,949.2000122,16.79999924,1.224200002,1.09920001,48_1068,8,2038
1996,7.400000095,1334.300049,16.79999924,1.29295,1.09920001,48_1068,9,2505
1997,7.400000095,1326.800049,17.39999962,1.361699998,1.09920001,48_1068,10,2902
1998,7.400000095,1232.699951,19.39999962,1.363550001,1.09920001,48_1068,11,3432
1999,7.400000095,799.5,19.10000038,1.365400004,1.09920001,48_1068,12,4032
2000,7.400000095,1447.300049,17.89999962,1.022599995,1.09920001,48_1068,13,4533
2001,7.400000095,1488.599976,17.79999924,0.866600001,1.09920001,48_1068,14,5016
2002,7.400000095,1238.099976,17.60000038,0.710600007,1.09920001,48_1068,15,5550
2003,7.400000095,727.5,18.10000038,0.554600012,1.09920001,48_1068,16,6083
2004,7.400000095,1079.599976,18.10000038,0.56150001,1.09920001,48_1068,17,6626
2005,7.400000095,686.2999878,18.79999924,0.568400007,1.09920001,48_1068,18,7175
1990,8.199999809,1349.800049,18.89999962,1.330000019,1.330000019,48_1069,13,370
1991,8.199999809,1313.199951,18.5,1.496000004,1.330000019,48_1069,14,716
1992,8.199999809,1177.099976,18.20000076,1.465100002,1.330000019,48_1069,15,1055
1993,8.199999809,1053.599976,17.79999924,1.434200001,1.330000019,48_1069,16,1427
1994,8.199999809,1196.599976,18.39999962,1.488400006,1.330000019,48_1069,17,1861
1995,8.199999809,1019.099976,18.39999962,1.736666663,1.330000019,48_1069,18,2351
1996,8.199999809,832.2999878,18.39999962,1.984933321,1.330000019,48_1069,19,2921
1997,8.199999809,1255.699951,17.79999924,2.233199978,1.330000019,48_1069,20,3561
1998,8.199999809,1112.699951,19.60000038,2.106649983,1.330000019,48_1069,21,4200
1999,8.199999809,700.2999878,19.20000076,1.980099988,1.330000019,48_1069,22,4861
2000,8.199999809,1093.099976,18.60000038,1.853549993,1.330000019,48_1069,23,5499
2001,8.199999809,1144.300049,18.5,1.726999998,1.330000019,48_1069,24,6119
2002,8.199999809,1027,17.79999924,1.860699987,1.330000019,48_1069,25,6842
1990,8.800000191,1369.800049,18.79999924,1.015799999,1.015799999,48_1070,13,334
1991,8.800000191,1291.699951,18.39999962,1.075400019,1.015799999,48_1070,14,630
1992,8.800000191,1171.599976,18.10000038,1.110500002,1.015799999,48_1070,15,940
1993,8.800000191,1079.900024,17.70000076,1.145599985,1.015799999,48_1070,16,1526
1994,8.800000191,1199.599976,18.29999924,1.037399983,1.015799999,48_1070,17,1946
1995,8.800000191,1030.800049,18.29999924,1.209933321,1.015799999,48_1070,18,2478
1996,8.800000191,812.4000244,18.29999924,1.382466658,1.015799999,48_1070,19,3009
1997,8.800000191,1262.099976,17.60000038,1.554999995,1.015799999,48_1070,20,3696
1998,8.800000191,1117.900024,19.5,1.74829998,1.015799999,48_1070,21,4442
1999,8.800000191,688.4000244,18.89999962,1.941599965,1.015799999,48_1070,22,5290
2000,8.800000191,1085.800049,18.29999924,1.800999987,1.015799999,48_1070,23,5923
2001,8.800000191,1168.699951,18.29999924,1.660400009,1.015799999,48_1070,24,6575
2002,8.800000191,1043,17.70000076,1.808,1.015799999,48_1070,25,7246
1990,3.700000048,317.2999878,16.10000038,1.837800026,1.837800026,48_1076,13,337
1991,3.700000048,551.7000122,15.60000038,1.852000022,1.837800026,48_1076,14,577
1992,3.700000048,548.5999756,15.5,1.878600001,1.837800026,48_1076,15,816
1993,3.700000048,281.3999939,15.19999981,1.905199981,1.837800026,48_1076,16,1090
1994,3.700000048,319.8999939,16.20000076,1.65940001,1.837800026,48_1076,17,1352
1995,3.700000048,625.0999756,15.80000019,1.791266672,1.837800026,48_1076,18,1725
1996,3.700000048,463.2000122,15.89999962,1.923133334,1.837800026,48_1076,19,2013
1997,3.700000048,526.9000244,15.10000038,2.054999995,1.837800026,48_1076,20,2313
1998,3.700000048,371.3999939,16.89999962,2.08919999,1.837800026,48_1076,21,2658
1999,3.700000048,486.7999878,16.60000038,2.123399985,1.837800026,48_1076,22,2961
2000,3.700000048,424.6000061,16.39999962,2.15759998,1.837800026,48_1076,23,3253
2001,3.700000048,314.8999939,16.5,2.191799974,1.837800026,48_1076,24,3557
2002,3.700000048,500.5,15.89999962,2.347899985,1.837800026,48_1076,25,3841
2003,3.700000048,281.7000122,16.60000038,2.503999996,1.837800026,48_1076,26,4183
2004,3.700000048,946.2000122,15.69999981,2.455519991,1.837800026,48_1076,27,4535
2005,3.700000048,461.3999939,16.10000038,2.407039986,1.837800026,48_1076,28,4821
2006,3.700000048,391.2999878,16.89999962,2.35855998,1.837800026,48_1076,29,5126
2007,3.700000048,611.5,15.5,2.310079975,1.837800026,48_1076,30,5411
2008,3.700000048,490.1000061,15.80000019,2.26159997,1.837800026,48_1076,31,5798
2009,3.700000048,328,16.10000038,2.279299974,1.837800026,48_1076,32,6109
2010,3.700000048,844.0999756,15.89999962,2.296999979,1.837800026,48_1076,33,6420
2011,3.700000048,122.9000015,17,2.360699987,1.837800026,48_1076,34,6732
2012,3.700000048,321.1000061,17.20000076,2.424399996,1.837800026,48_1076,35,7044
2013,3.700000048,305.7000122,15.80000019,2.680800009,1.837800026,48_1076,36,7356
1990,3.900000095,559.4000244,17.10000038,1.192199993,1.192199993,48_1077,8,478
1991,3.900000095,812.0999756,16.70000076,1.246800017,1.192199993,48_1077,9,1168
1992,3.900000095,615.2000122,16.60000038,1.247700012,1.192199993,48_1077,10,1840
1993,3.900000095,436.8999939,15.89999962,1.248600006,1.192199993,48_1077,11,2524
1994,3.900000095,415.7999878,17.10000038,1.180466676,1.192199993,48_1077,12,3287
1995,3.900000095,895.4000244,16.39999962,1.265066671,1.192199993,48_1077,13,4117
1996,3.900000095,606.2999878,16.5,1.340533334,1.192199993,48_1077,14,4909
1997,3.900000095,890,15.69999981,1.415999997,1.192199993,48_1077,15,5716
1998,3.900000095,429.8999939,17.79999924,1.759800005,1.192199993,48_1077,16,6536
1990,3.799999952,1677.900024,19.39999962,1.103400016,1.103400016,48_1087,17,135
1991,3.799999952,1395,18.70000076,1.153700006,1.103400016,48_1087,18,281
1992,3.799999952,1275.300049,18.60000038,1.203999996,1.103400016,48_1087,19,434
1993,3.799999952,996.7999878,18.29999924,1.243000002,1.103400016,48_1087,20,584
1994,3.799999952,1388.099976,19.10000038,1.282000008,1.103400016,48_1087,21,705
1995,3.799999952,931.7999878,19.29999924,1.321000013,1.103400016,48_1087,22,791
1996,3.799999952,1009.099976,19.29999924,1.360000019,1.103400016,48_1087,23,926
1997,3.799999952,1329.800049,18.89999962,1.399000025,1.103400016,48_1087,24,1102
1998,3.799999952,1323.800049,20.60000038,1.168400002,1.103400016,48_1087,25,1340
1999,3.799999952,1039.199951,19.89999962,1.170200006,1.103400016,48_1087,26,1555
2000,3.799999952,1364.900024,19.39999962,1.172000011,1.103400016,48_1087,27,1764
2001,3.799999952,1327.900024,18.89999962,1.173800015,1.103400016,48_1087,28,1968
2002,3.799999952,1075.300049,19.10000038,1.172800004,1.103400016,48_1087,29,2201
2003,3.799999952,1006.299988,18.89999962,1.171799994,1.103400016,48_1087,30,2439
2004,3.799999952,1142,19.20000076,1.256050003,1.103400016,48_1087,31,2683
2005,3.799999952,629.7999878,19.79999924,1.340300012,1.103400016,48_1087,32,2874
2006,3.799999952,887.2000122,20.20000076,1.348083345,1.103400016,48_1087,33,3216
2007,3.799999952,1454.800049,19,1.355866679,1.103400016,48_1087,34,3377
2008,3.799999952,1404.699951,18.79999924,1.363650012,1.103400016,48_1087,35,3512
2009,3.799999952,1282.800049,18.79999924,1.371433345,1.103400016,48_1087,36,3638
2010,3.799999952,844.2999878,19,1.379216679,1.103400016,48_1087,37,3756
2011,3.799999952,768.0999756,20,1.387000012,1.103400016,48_1087,38,3866
2012,3.799999952,1033,20.20000076,1.378499997,1.103400016,48_1087,39,4000
2013,3.799999952,1170,18.89999962,1.369999981,1.103400016,48_1087,40,4130
2014,3.799999952,981,18.5,1.356200004,1.103400016,48_1087,41,4269
2015,3.799999952,1783.099976,19.70000076,1.347299993,1.103400016,48_1087,42,4393
2016,3.799999952,962.4000244,20.5,1.338399982,1.103400016,48_1087,43,4509
1990,3,684.4000244,20.89999962,0.946399999,0.946399999,48_1092,7,247
1991,3,929.9000244,20.60000038,1.453000021,0.946399999,48_1092,8,509
1992,3,1143.5,20,1.429399991,0.946399999,48_1092,9,787
1993,3,470.8999939,19.89999962,1.542400002,0.946399999,48_1092,10,1106
1994,3,689.0999756,20.70000076,1.655400014,0.946399999,48_1092,11,1421
1995,3,658.7999878,20.5,1.70365001,0.946399999,48_1092,12,1836
1996,3,408.3999939,21,1.751900005,0.946399999,48_1092,13,2239
1997,3,955.4000244,19.79999924,1.800150001,0.946399999,48_1092,14,2611
1998,3,1013.5,21.5,1.848399997,0.946399999,48_1092,15,3112
1999,3,423.3999939,21.39999962,1.46049999,0.946399999,48_1092,16,3634
2000,3,773.7000122,21.29999924,1.072599983,0.946399999,48_1092,17,4114
2001,3,733.2999878,20.60000038,1.186899996,0.946399999,48_1092,18,4658
2002,3,1069.599976,20.5,1.301200008,0.946399999,48_1092,19,5266
2003,3,749,20.29999924,1.382599998,0.946399999,48_1092,20,5862
2004,3,1095.400024,20.5,1.346399991,0.946399999,48_1092,21,6396
2005,3,660.5999756,21.10000038,1.310199984,0.946399999,48_1092,22,7031
2006,3,316.7000122,22.10000038,1.273999977,0.946399999,48_1092,23,7715
2007,3,1336.300049,20.10000038,1.407149988,0.946399999,48_1092,24,8321
2008,3,383.7000122,21.10000038,1.5403,0.946399999,48_1092,25,9033
2009,3,615,21.10000038,1.673450011,0.946399999,48_1092,26,9782
2010,3,682.2999878,20.20000076,1.806600022,0.946399999,48_1092,27,10571
2011,3,382.1000061,21.79999924,2.11655001,0.946399999,48_1092,28,11402
2012,3,664.2999878,21.70000076,2.426499999,0.946399999,48_1092,29,12277
2013,3,498.2000122,21,2.736449987,0.946399999,48_1092,30,13198
2014,3,466.2000122,20.79999924,3.046399975,0.946399999,48_1092,31,14167
1990,3.799999952,727,21.79999924,0.710399997,0.710399997,48_1093,10,790
1991,3.799999952,959.2999878,21.29999924,0.755000007,0.710399997,48_1093,11,1610
1992,3.799999952,1057.900024,21,0.767600006,0.710399997,48_1093,12,2448
1993,3.799999952,712.7999878,20.70000076,0.780200005,0.710399997,48_1093,13,3366
1994,3.799999952,816.9000244,21.5,0.784799993,0.710399997,48_1093,14,4339
1995,3.799999952,594,21.70000076,0.789399981,0.710399997,48_1093,15,5407
1996,3.799999952,412.1000061,21.89999962,0.946999987,0.710399997,48_1093,16,6515
1997,3.799999952,831,20.79999924,1.104599992,0.710399997,48_1093,17,8017
1998,3.799999952,826.5,22.5,1.262199998,0.710399997,48_1093,18,9242
1999,3.799999952,482.7000122,22.10000038,1.291499996,0.710399997,48_1093,19,10611
2000,3.799999952,867.7000122,22,1.320799994,0.710399997,48_1093,20,12014
2001,3.799999952,675.2000122,21.60000038,1.373249996,0.710399997,48_1093,21,13360
2002,3.799999952,1071.099976,21.39999962,1.425699997,0.710399997,48_1093,22,14659
2003,3.799999952,790,21.20000076,1.478149998,0.710399997,48_1093,23,16181
2004,3.799999952,1003.400024,21.29999924,1.530599999,0.710399997,48_1093,24,17591
1990,2.299999952,834.9000244,20.5,0.878200006,0.878200006,48_1094,14,164
1991,2.299999952,1208.199951,20.20000076,0.907800007,0.878200006,48_1094,15,332
1992,2.299999952,1319.599976,19.89999962,0.878999996,0.878200006,48_1094,16,448
1993,2.299999952,629,19.60000038,0.920199996,0.878200006,48_1094,17,575
1994,2.299999952,941.2000122,20.39999962,0.961399996,0.878200006,48_1094,18,729
1995,2.299999952,669.9000244,20.20000076,0.961999997,0.878200006,48_1094,19,881
1996,2.299999952,501.2999878,20.60000038,0.962599997,0.878200006,48_1094,20,1060
1997,2.299999952,1013.200012,19.5,0.963199997,0.878200006,48_1094,21,1286
1998,2.299999952,1015.099976,21.10000038,1.007400012,0.878200006,48_1094,22,1522
1999,2.299999952,481.3999939,21.10000038,1.030400002,0.878200006,48_1094,23,1773
2000,2.299999952,914.5999756,20.89999962,1.053399992,0.878200006,48_1094,24,2040
2001,2.299999952,1041.5,20.20000076,1.127600002,0.878200006,48_1094,25,2262
2002,2.299999952,1164.099976,19.89999962,1.201800013,0.878200006,48_1094,26,2614
2003,2.299999952,735.7999878,20.10000038,1.155100024,0.878200006,48_1094,27,2841
2004,2.299999952,1311.300049,20.20000076,1.108400035,0.878200006,48_1094,28,3093
2005,2.299999952,563,20.89999962,1.084599996,0.878200006,48_1094,29,3490
2006,2.299999952,525.5,21.60000038,1.109800005,0.878200006,48_1094,30,3927
1990,5.599999905,678.9000244,21.29999924,2.128600025,2.128600025,48_1096,9,280
1991,5.599999905,1100.900024,21,2.305800009,2.128600025,48_1096,10,541
1992,5.599999905,1165.599976,20.5,2.309800053,2.128600025,48_1096,11,826
1993,5.599999905,610.4000244,20.29999924,2.318700027,2.128600025,48_1096,12,1134
1994,5.599999905,788.5999756,20.89999962,2.327600002,2.128600025,48_1096,13,1462
1995,5.599999905,617.5999756,20.5,2.447899997,2.128600025,48_1096,14,1838
1996,5.599999905,439.5,21.29999924,2.568199992,2.128600025,48_1096,15,2225
1997,5.599999905,909.2000122,20.20000076,2.688499987,2.128600025,48_1096,16,2853
1998,5.599999905,909.5999756,21.89999962,2.808799982,2.128600025,48_1096,17,3461
1999,5.599999905,468.2000122,21.79999924,2.707999969,2.128600025,48_1096,18,3970
2000,5.599999905,797.7000122,21.60000038,2.607199955,2.128600025,48_1096,19,4496
2001,5.599999905,786.9000244,20.89999962,1.82359997,2.128600025,48_1096,20,5146
2002,5.599999905,1113,20.70000076,1.039999986,2.128600025,48_1096,21,5852
2003,5.599999905,716.5999756,20.60000038,1.051400006,2.128600025,48_1096,22,6469
2004,5.599999905,1202.300049,20.79999924,1.062800026,2.128600025,48_1096,23,7080
2005,5.599999905,540.0999756,21.5,1.059700012,2.128600025,48_1096,24,7744
2006,5.599999905,381.7999878,22.39999962,1.056599998,2.128600025,48_1096,25,8343
2007,5.599999905,1359.800049,20.29999924,1.127199996,2.128600025,48_1096,26,8845
2008,5.599999905,352.6000061,21.5,1.197799993,2.128600025,48_1096,27,9322
2009,5.599999905,632.7999878,22.20000076,1.26839999,2.128600025,48_1096,28,10405
2010,5.599999905,648.2000122,20.5,1.338999987,2.128600025,48_1096,29,11712
2011,5.599999905,353.2000122,22.10000038,1.413799995,2.128600025,48_1096,30,13569
2012,5.599999905,635.2000122,21.79999924,1.488600004,2.128600025,48_1096,31,16490
2013,5.599999905,585.5999756,21,1.563400012,2.128600025,48_1096,32,17071
2014,5.599999905,464.3999939,20.89999962,1.638200021,2.128600025,48_1096,33,17621
2015,5.599999905,731.2999878,20.89999962,1.551799989,2.128600025,48_1096,34,18145
2016,5.599999905,847.2000122,21.60000038,1.49519999,2.128600025,48_1096,35,18698
2017,5.599999905,632.2999878,22.60000038,1.618839998,2.128600025,48_1096,36,19264
2018,5.599999905,915.2000122,21.70000076,1.742480006,2.128600025,48_1096,37,19816
2019,5.599999905,465.5,21.5,1.866120014,2.128600025,48_1096,38,20449
2020,5.599999905,501,21.89999962,1.989760022,2.128600025,48_1096,39,21077
2021,5.599999905,796.2999878,21.70000076,2.11340003,2.128600025,48_1096,40,21763
1990,3.700000048,1155.199951,20.60000038,1.39460001,1.39460001,48_1109,6,590
1991,3.700000048,1632.900024,19.89999962,1.588600016,1.39460001,48_1109,7,828
1992,3.700000048,1341.099976,19.70000076,1.638600004,1.39460001,48_1109,8,1114
1993,3.700000048,1363.300049,19.20000076,1.688599992,1.39460001,48_1109,9,1481
1994,3.700000048,1545.900024,19.89999962,1.758399999,1.39460001,48_1109,10,1722
1995,3.700000048,1235.800049,19.89999962,1.828200006,1.39460001,48_1109,11,2040
1996,3.700000048,912.5999756,19.89999962,1.874600005,1.39460001,48_1109,12,2381
1997,3.700000048,1360.699951,19.10000038,1.920599997,1.39460001,48_1109,13,2753
1998,3.700000048,1400.300049,20.79999924,1.966599989,1.39460001,48_1109,14,3135
1999,3.700000048,977,20.70000076,2.060933336,1.39460001,48_1109,15,3551
2000,3.700000048,1404.199951,20.20000076,2.155266682,1.39460001,48_1109,16,3934
2001,3.700000048,1557,19.39999962,2.249600029,1.39460001,48_1109,17,4314
1990,3.900000095,407.5,16.5,1.547399974,1.547399974,48_1111,18,343
1991,3.900000095,617.2000122,16.10000038,1.602600002,1.547399974,48_1111,19,646
1992,3.900000095,580.7999878,16,1.643300009,1.547399974,48_1111,20,906
1993,3.900000095,350.5,15.69999981,1.684000015,1.547399974,48_1111,21,1192
1994,3.900000095,349.2999878,16.79999924,1.840800023,1.547399974,48_1111,22,1476
1995,3.900000095,485,16.29999924,1.997600031,1.547399974,48_1111,23,1778
1996,3.900000095,403.6000061,16.10000038,2.154400039,1.547399974,48_1111,24,2079
1997,3.900000095,616.2999878,15.10000038,2.311200047,1.547399974,48_1111,25,2310
1998,3.900000095,335.7999878,16.89999962,1.863599992,1.547399974,48_1111,26,2673
1999,3.900000095,525.2999878,16.5,1.338199997,1.547399974,48_1111,27,2964
2000,3.900000095,533.5,16.5,0.812800002,1.547399974,48_1111,28,3308
2001,3.900000095,398.3999939,16.60000038,0.82930001,1.547399974,48_1111,29,3573
2002,3.900000095,494.7000122,16.10000038,0.845800018,1.547399974,48_1111,30,3947
2003,3.900000095,249.6999969,16.70000076,0.880000007,1.547399974,48_1111,31,4307
2004,3.900000095,907.7999878,15.89999962,0.914199996,1.547399974,48_1111,32,4508
2005,3.900000095,424.2000122,16.20000076,0.948399985,1.547399974,48_1111,33,4919
2006,3.900000095,474.2999878,17,0.955359988,1.547399974,48_1111,34,5281
2007,3.900000095,625.5999756,15.60000038,0.962319992,1.547399974,48_1111,35,5559
2008,3.900000095,670.5999756,16.10000038,0.969279995,1.547399974,48_1111,36,5974
2009,3.900000095,349.2999878,16.20000076,0.976239998,1.547399974,48_1111,37,6147
2010,3.900000095,700.4000244,16.10000038,0.983200002,1.547399974,48_1111,38,6556
2011,3.900000095,158.8000031,16.79999924,0.998100013,1.547399974,48_1111,39,6924
2012,3.900000095,339.5,17.20000076,1.013000023,1.547399974,48_1111,40,7431
2013,3.900000095,392.1000061,16.39999962,1.019799984,1.547399974,48_1111,41,7813
2014,3.900000095,564.2999878,16.20000076,1.057300001,1.547399974,48_1111,42,8152
2015,3.900000095,875.5,16.60000038,1.094800019,1.547399974,48_1111,43,8482
2016,3.900000095,427.2999878,17.5,1.092350012,1.547399974,48_1111,44,8886
2017,3.900000095,559.2999878,17.5,1.089900005,1.547399974,48_1111,45,9298
2018,3.900000095,493.7999878,17,1.087449998,1.547399974,48_1111,46,9719
2019,3.900000095,603.5999756,16.70000076,1.08499999,1.547399974,48_1111,47,10150
1990,1.299999952,1491.800049,19.10000038,0.742799997,0.742799997,48_1113,4,326
1991,1.299999952,1838.599976,18.39999962,0.917000008,0.742799997,48_1113,5,649
1992,1.299999952,1229,18,0.777800006,0.742799997,48_1113,6,966
1993,1.299999952,1289.699951,17.79999924,0.638600004,0.742799997,48_1113,7,1358
1994,1.299999952,1490.900024,18.39999962,0.664200002,0.742799997,48_1113,8,1747
1995,1.299999952,1127.300049,18.5,0.6898,0.742799997,48_1113,9,2092
1996,1.299999952,1029,18.60000038,0.735266662,0.742799997,48_1113,10,2709
1997,1.299999952,1643.099976,18,0.780733323,0.742799997,48_1113,11,3248
1998,1.299999952,1311.400024,20.10000038,0.826199985,0.742799997,48_1113,12,3762
1999,1.299999952,1093.900024,19.60000038,0.829899991,0.742799997,48_1113,13,4244
2000,1.299999952,1286.099976,19.39999962,0.833599997,0.742799997,48_1113,14,4786
2001,1.299999952,1696.800049,18.70000076,0.923133334,0.742799997,48_1113,15,5322
2002,1.299999952,1274.5,18.60000038,1.01266667,0.742799997,48_1113,16,5837
2003,1.299999952,1089.5,18.79999924,1.102200007,0.742799997,48_1113,17,6366
1990,1.5,1435.400024,19.10000038,0.941200006,0.941200006,48_1116,3,569
1991,1.5,1856.5,18.39999962,1.264200014,0.941200006,48_1116,4,1187
1992,1.5,1255.099976,18,1.587200022,0.941200006,48_1116,5,1854
1993,1.5,1262.099976,17.79999924,1.046400023,0.941200006,48_1116,6,2634
1994,1.5,1500.5,18.39999962,1.046500003,0.941200006,48_1116,7,3390
1995,1.5,1124.900024,18.5,1.046599984,0.941200006,48_1116,8,4168
1996,1.5,1047.300049,18.70000076,1.158866668,0.941200006,48_1116,9,5146
1997,1.5,1690.300049,18,1.271133351,0.941200006,48_1116,10,6157
1998,1.5,1299.800049,20.10000038,1.383400035,0.941200006,48_1116,11,6803
1990,2.900000095,1613.900024,19.20000076,1.012800002,1.012800002,48_1119,15,205
1991,2.900000095,1887,18.39999962,1.017200005,1.012800002,48_1119,16,467
1992,2.900000095,1215,18.29999924,1.025100011,1.012800002,48_1119,17,724
1993,2.900000095,1300.199951,17.79999924,1.033000016,1.012800002,48_1119,18,989
1994,2.900000095,1417.699951,18.5,1.012399995,1.012800002,48_1119,19,1249
1995,2.900000095,1062.900024,18.70000076,1.07019999,1.012800002,48_1119,20,1509
1996,2.900000095,1013.700012,18.60000038,1.127999985,1.012800002,48_1119,21,1790
1997,2.900000095,1546,18,1.18579998,1.012800002,48_1119,22,2112
1998,2.900000095,1255.800049,20,1.153799987,1.012800002,48_1119,23,2465
1999,2.900000095,1056.800049,19.60000038,1.121799994,1.012800002,48_1119,24,2923
2000,2.900000095,1286,19.39999962,1.081000018,1.012800002,48_1119,25,3332
1990,5.5,722.0999756,21.60000038,1.072200012,1.072200012,48_1122,16,159
1991,5.5,991,20.89999962,1.058599997,1.072200012,48_1122,17,307
1992,5.5,1239,20.70000076,1.014600015,1.072200012,48_1122,18,472
1993,5.5,929.5,20.39999962,1.062100005,1.072200012,48_1122,19,648
1994,5.5,852.5999756,21.20000076,1.117600004,1.072200012,48_1122,20,810
1995,5.5,532.7999878,21.10000038,1.123500001,1.072200012,48_1122,21,982
1996,5.5,507.2000122,21.39999962,1.230725005,1.072200012,48_1122,22,1304
1997,5.5,832.7999878,20.29999924,1.337950009,1.072200012,48_1122,23,1543
1998,5.5,909.7000122,21.79999924,1.277788892,1.072200012,48_1122,24,1832
1999,5.5,433.8999939,21.5,1.217627775,1.072200012,48_1122,25,2126
2000,5.5,862.5999756,21.5,1.157466658,1.072200012,48_1122,26,2435
2001,5.5,828.7000122,20.79999924,1.156500006,1.072200012,48_1122,27,2755
2002,5.5,1094.099976,20.70000076,1.233100021,1.072200012,48_1122,28,3114
2003,5.5,745.2000122,20.60000038,1.316600013,1.072200012,48_1122,29,3478
2004,5.5,1091.699951,20.60000038,1.282299995,1.072200012,48_1122,30,3785
2005,5.5,470.7000122,21.20000076,1.247999978,1.072200012,48_1122,31,4105
1990,3.799999952,804.4000244,18.70000076,0.757400012,0.757400012,48_1123,14,606
1991,3.799999952,1008.5,18.5,0.799199998,0.757400012,48_1123,15,1284
1992,3.799999952,844.4000244,18.39999962,0.918400013,0.757400012,48_1123,16,1951
1993,3.799999952,456.5,18.20000076,0.787199998,0.757400012,48_1123,17,2676
1990,5.099999905,844.9000244,21,3.704600048,3.704600048,48_1130,19,127
1991,5.099999905,1346,20.20000076,3.726300025,3.704600048,48_1130,20,233
1992,5.099999905,1214.300049,20.10000038,3.748000002,3.704600048,48_1130,21,365
1993,5.099999905,879.7000122,19.70000076,0.985799992,3.704600048,48_1130,22,483
1994,5.099999905,981.5999756,20.5,0.996399993,3.704600048,48_1130,23,584
1995,5.099999905,679.4000244,20.10000038,1.006999993,3.704600048,48_1130,24,746
1996,5.099999905,613.5,20.5,1.041666659,3.704600048,48_1130,25,907
1997,5.099999905,1043,19.5,1.076333324,3.704600048,48_1130,26,1078
1998,5.099999905,1108.300049,21.10000038,1.11099999,3.704600048,48_1130,27,1255
1999,5.099999905,512.7000122,21.20000076,1.0375,3.704600048,48_1130,28,1446
2000,5.099999905,1009.700012,20.79999924,0.96400001,3.704600048,48_1130,29,1647
2001,5.099999905,1019.200012,20.10000038,1.053400004,3.704600048,48_1130,30,1865
2002,5.099999905,1143.300049,20.10000038,1.142799997,3.704600048,48_1130,31,2084
2003,5.099999905,668.2999878,20.20000076,1.12286667,3.704600048,48_1130,32,2287
2004,5.099999905,1385.300049,20.29999924,1.102933343,3.704600048,48_1130,33,2466
2005,5.099999905,568.2999878,20.79999924,1.083000016,3.704600048,48_1130,34,2682
2006,5.099999905,619.2000122,21.5,1.197000003,3.704600048,48_1130,35,2879
1990,1.5,1662,17.70000076,1.021199989,1.021199989,48_1168,5,18
1991,1.5,1270.900024,17.60000038,1.122800016,1.021199989,48_1168,6,35
1992,1.5,1401.5,17.29999924,1.153100002,1.021199989,48_1168,7,55
1993,1.5,1216.5,17,1.183399987,1.021199989,48_1168,8,76
1994,1.5,1363.099976,17.5,1.325999987,1.021199989,48_1168,9,104
1995,1.5,912.9000244,18.20000076,1.468599987,1.021199989,48_1168,10,125
1996,1.5,966,17.5,1.519466654,1.021199989,48_1168,11,140
1997,1.5,1358.199951,16.60000038,1.570333322,1.021199989,48_1168,12,195
1998,1.5,1142.099976,18.60000038,1.621199989,1.021199989,48_1168,13,225
1999,1.5,839.7000122,18.70000076,1.695099986,1.021199989,48_1168,14,268
2000,1.5,1282.5,18.20000076,1.768999982,1.021199989,48_1168,15,299
2001,1.5,1345.699951,18.29999924,1.779599984,1.021199989,48_1168,16,342
2002,1.5,1129.900024,18.20000076,1.790199987,1.021199989,48_1168,17,393
2003,1.5,711,18.5,1.80079999,1.021199989,48_1168,18,440
2004,1.5,1213,18.89999962,2.026099992,1.021199989,48_1168,19,456
2005,1.5,537.9000244,19.20000076,2.251399994,1.021199989,48_1168,20,519
1990,1.799999952,1539.900024,18.70000076,1.317799997,1.317799997,48_1169,18,110
1991,1.799999952,1748.900024,17.89999962,1.341600013,1.317799997,48_1169,19,256
1992,1.799999952,1155,17.70000076,1.370899999,1.317799997,48_1169,20,398
1993,1.799999952,1391.400024,17.29999924,1.400199986,1.317799997,48_1169,21,545
1994,1.799999952,1379.199951,17.89999962,1.634699988,1.317799997,48_1169,22,688
1995,1.799999952,1076.699951,17.79999924,1.869199991,1.317799997,48_1169,23,834
1996,1.799999952,992.9000244,18.20000076,2.103699994,1.317799997,48_1169,24,997
1997,1.799999952,1545.099976,17.70000076,2.338199997,1.317799997,48_1169,25,1132
1998,1.799999952,1369.300049,20,2.166899991,1.317799997,48_1169,26,1329
1999,1.799999952,1167.900024,19.29999924,1.995599985,1.317799997,48_1169,27,1492
2000,1.799999952,1176.5,19.20000076,2.094999981,1.317799997,48_1169,28,1664
2001,1.799999952,1678.699951,18.60000038,1.723900008,1.317799997,48_1169,29,1861
2002,1.799999952,1180.300049,18,1.352800035,1.317799997,48_1169,30,2087
2003,1.799999952,1116.300049,18.10000038,1.433466693,1.317799997,48_1169,31,2320
2004,1.799999952,1545,18.60000038,1.51413335,1.317799997,48_1169,32,2560
2005,1.799999952,950.4000244,18.79999924,1.594800007,1.317799997,48_1169,33,2818
1990,3.599999905,586.5,23.10000038,1.187400007,1.187400007,48_1174,15,149
1991,3.599999905,973.2000122,22.39999962,1.178600001,1.187400007,48_1174,16,389
1992,3.599999905,947.2000122,22,1.321600008,1.187400007,48_1174,17,645
1993,3.599999905,806.9000244,21.70000076,1.423799992,1.187400007,48_1174,18,884
1994,3.599999905,803.7000122,22.60000038,1.598700011,1.187400007,48_1174,19,1144
1995,3.599999905,795.7999878,22.29999924,1.77360003,1.187400007,48_1174,20,1398
1996,3.599999905,441.6000061,22.60000038,1.864133358,1.187400007,48_1174,21,1652
1997,3.599999905,932,21.79999924,1.954666686,1.187400007,48_1174,22,1939
1998,3.599999905,756.5,23.29999924,2.045200014,1.187400007,48_1174,23,2226
1990,6,864.4000244,20.89999962,1.759200025,1.759200025,48_1178,2,262
1991,6,1391.5,20,2.108900011,1.759200025,48_1178,3,575
1992,6,1288.800049,19.89999962,2.458599997,1.759200025,48_1178,4,921
1993,6,1088.400024,19.5,3.129000044,1.759200025,48_1178,5,1211
1994,6,1086.5,20.20000076,3.710400033,1.759200025,48_1178,6,1499
1995,6,978.7999878,20.29999924,4.291800022,1.759200025,48_1178,7,1752
1990,4.099999905,718.0999756,22.39999962,1.68119998,1.68119998,48_1181,10,713
1991,4.099999905,833,21.70000076,1.655200005,1.68119998,48_1181,11,1504
1992,4.099999905,840,21.20000076,1.984599996,1.68119998,48_1181,12,2344
1993,4.099999905,533.2000122,21.29999924,1.893799996,1.68119998,48_1181,13,3220
1994,4.099999905,763,22.10000038,2.342799997,1.68119998,48_1181,14,4136
1995,4.099999905,582.5,21.89999962,2.204800004,1.68119998,48_1181,15,5172
1996,4.099999905,357.2000122,22.39999962,2.06680001,1.68119998,48_1181,16,6332
1997,4.099999905,783,21.29999924,1.928800017,1.68119998,48_1181,17,7457
1998,4.099999905,711.9000244,22.89999962,1.790800023,1.68119998,48_1181,18,8685
1999,4.099999905,418,22.70000076,2.012500012,1.68119998,48_1181,19,10028
2000,4.099999905,746.5999756,22.60000038,2.234200001,1.68119998,48_1181,20,11060
1990,3.299999952,482.8999939,16.70000076,2.281599998,2.281599998,48_1183,15,456
1991,3.299999952,695.0999756,16.10000038,2.421799994,2.281599998,48_1183,16,864
1992,3.299999952,735.7000122,16.10000038,2.38499999,2.281599998,48_1183,17,1468
1993,3.299999952,378.5,15.80000019,2.81329999,2.281599998,48_1183,18,1842
1994,3.299999952,373.6000061,16.79999924,3.241599989,2.281599998,48_1183,19,2127
1990,6.300000191,1030.800049,21.79999924,1.476999998,1.476999998,48_2108,5,189
1991,6.300000191,1614.699951,21.10000038,1.536200023,1.476999998,48_2108,6,390
1992,6.300000191,1469.199951,20.79999924,1.543600011,1.476999998,48_2108,7,590
1993,6.300000191,1354.699951,20.5,1.550999999,1.476999998,48_2108,8,770
1994,6.300000191,1047.900024,21,1.600100005,1.476999998,48_2108,9,934
1995,6.300000191,1486.400024,21.39999962,1.64920001,1.476999998,48_2108,10,1132
1996,6.300000191,1127.099976,21,1.672533337,1.476999998,48_2108,11,1288
1997,6.300000191,1711.099976,20.89999962,1.695866664,1.476999998,48_2108,12,1458
1998,6.300000191,1762.099976,22,1.719199991,1.476999998,48_2108,13,1562
1999,6.300000191,996.9000244,22,1.73779999,1.476999998,48_2108,14,1733
2000,6.300000191,1065.900024,21.39999962,1.756399989,1.476999998,48_2108,15,1915
2001,6.300000191,1639.099976,20.79999924,1.815399992,1.476999998,48_2108,16,2080
2002,6.300000191,1895,20.5,1.874399996,1.476999998,48_2108,17,2280
2003,6.300000191,1268.099976,20.60000038,1.545799983,1.476999998,48_2108,18,2479
2004,6.300000191,1709,20.79999924,1.217199969,1.476999998,48_2108,19,2684
2005,6.300000191,1008.400024,21,1.250199986,1.476999998,48_2108,20,2886
2006,6.300000191,1480.5,21.10000038,1.283200002,1.476999998,48_2108,21,3038
2007,6.300000191,1604.400024,21,1.303600001,1.476999998,48_2108,22,3190
2008,6.300000191,1426.5,21,1.324000001,1.476999998,48_2108,23,3401
2009,6.300000191,1291.300049,21.20000076,1.344400001,1.476999998,48_2108,24,3618
2010,6.300000191,1194.800049,20.5,1.3648,1.476999998,48_2108,25,3841
2011,6.300000191,698.7000122,21.5,1.3852,1.476999998,48_2108,26,4070
2012,6.300000191,1396.400024,22,1.065600002,1.476999998,48_2108,27,4306
2013,6.300000191,1038.400024,21.20000076,0.746000004,1.476999998,48_2108,28,4549
2014,6.300000191,910,20.89999962,0.776799989,1.476999998,48_2108,29,4799
1990,5,876.2999878,19.79999924,0.812400019,0.812400019,48_2133,5,104
1991,5,1199.300049,18.10000038,0.850600004,0.812400019,48_2133,6,228
1992,5,1215.199951,16.5,0.845100003,0.812400019,48_2133,7,366
1993,5,972.2999878,18.89999962,0.839600003,0.812400019,48_2133,8,514
1994,5,792,19.89999962,0.839399999,0.812400019,48_2133,9,714
1995,5,518.2999878,19.29999924,0.839199996,0.812400019,48_2133,10,903
1996,5,940.9000244,19.10000038,0.881333331,0.812400019,48_2133,11,1190
1997,5,1214.400024,17.89999962,0.923466667,0.812400019,48_2133,12,1434
1998,5,1129.300049,19.89999962,0.965600002,0.812400019,48_2133,13,1704
1999,5,617.4000244,19.60000038,1.042599994,0.812400019,48_2133,14,2037
2000,5,1063.199951,19.39999962,1.119599986,0.812400019,48_2133,15,2389
2001,5,1040,18.5,1.137999996,0.812400019,48_2133,16,2771
2002,5,779.7000122,18.70000076,1.156400005,0.812400019,48_2133,17,3168
2003,5,677.9000244,19.20000076,1.174800014,0.812400019,48_2133,18,3660
2004,5,1364.900024,19.29999924,2.348199987,0.812400019,48_2133,19,3992
2005,5,762.7999878,19.5,2.114600039,0.812400019,48_2133,20,4387
1990,7.400000095,591.4000244,17.70000076,0.722399998,0.722399998,48_2172,8,1278
1991,7.400000095,800,17.29999924,0.753799999,0.722399998,48_2172,9,2675
1992,7.400000095,582,17.39999962,0.748199999,0.722399998,48_2172,10,4045
1993,7.400000095,478.7000122,16.79999924,0.881999999,0.722399998,48_2172,11,5474
1994,7.400000095,412,17.20000076,1.015799999,0.722399998,48_2172,12,6925
1990,3.599999905,355.7000122,15,1.248399997,1.248399997,48_2176,20,62
1991,3.599999905,638.2999878,14.60000038,1.236800027,1.248399997,48_2176,21,117
1992,3.599999905,673.0999756,14.5,1.280500007,1.248399997,48_2176,22,178
1993,3.599999905,418.5,14.19999981,1.324199986,1.248399997,48_2176,23,241
1994,3.599999905,398.3999939,15.19999981,1.341199994,1.248399997,48_2176,24,317
1995,3.599999905,464.7000122,14.89999962,1.375466675,1.248399997,48_2176,25,399
1996,3.599999905,338,15.10000038,1.409733355,1.248399997,48_2176,26,449
1997,3.599999905,668.5,14.19999981,1.444000036,1.248399997,48_2176,27,501
1998,3.599999905,532.2999878,16.10000038,1.416100016,1.248399997,48_2176,28,568
1999,3.599999905,441,15.69999981,1.388199997,1.248399997,48_2176,29,640
2000,3.599999905,385.7000122,15.60000038,0.971200001,1.248399997,48_2176,30,719
2001,3.599999905,495.7000122,15.5,0.554200006,1.248399997,48_2176,31,798
2002,3.599999905,405.5,14.80000019,0.568600011,1.248399997,48_2176,32,965
2003,3.599999905,271,15.60000038,0.541400003,1.248399997,48_2176,33,1149
2004,3.599999905,875,14.89999962,0.5597,1.248399997,48_2176,34,1337
2005,3.599999905,466.1000061,15.19999981,0.577999997,1.248399997,48_2176,35,1488
2006,3.599999905,473.3999939,15.80000019,0.612079999,1.248399997,48_2176,36,1617
2007,3.599999905,644.5999756,14.5,0.646160002,1.248399997,48_2176,37,1720
2008,3.599999905,466.2999878,15.10000038,0.680240004,1.248399997,48_2176,38,1793
2009,3.599999905,467.5,15.19999981,0.714320006,1.248399997,48_2176,39,1901
2010,3.599999905,678.2000122,15.19999981,0.748400009,1.248399997,48_2176,40,2013
2011,3.599999905,141,16.10000038,0.798799998,1.248399997,48_2176,41,2093
2012,3.599999905,286.1000061,16.5,0.849199986,1.248399997,48_2176,42,2202
2013,3.599999905,386.2999878,14.89999962,0.837999988,1.248399997,48_2176,43,2326
2014,3.599999905,515.7000122,14.69999981,0.879999989,1.248399997,48_2176,44,2445
2015,3.599999905,899,15.39999962,0.921999991,1.248399997,48_2176,45,2559
1990,3.099999905,1538.900024,18.5,1.30940001,1.30940001,48_3579,3,239
1991,3.099999905,1296.400024,18,1.379999995,1.30940001,48_3579,4,425
1992,3.099999905,1286.099976,17.70000076,1.3949,1.30940001,48_3579,5,651
1993,3.099999905,1155.599976,17.29999924,1.409800005,1.30940001,48_3579,6,966
1994,3.099999905,1198.699951,17.79999924,1.376999998,1.30940001,48_3579,7,1436
1995,3.099999905,960.2999878,17.89999962,1.753533332,1.30940001,48_3579,8,1726
1996,3.099999905,965.2999878,17.5,2.130066665,1.30940001,48_3579,9,2064
1997,3.099999905,1311.900024,16.79999924,2.506599998,1.30940001,48_3579,10,2456
1990,5.300000191,1306.699951,20.10000038,1.207399988,1.207399988,48_3669,7,144
1991,5.300000191,1637.099976,19.60000038,1.323799992,1.207399988,48_3669,8,243
1992,5.300000191,1306.199951,18.89999962,1.378500009,1.207399988,48_3669,9,316
1993,5.300000191,1214.900024,18.60000038,1.433200026,1.207399988,48_3669,10,428
1994,5.300000191,1561.199951,19.29999924,1.485500002,1.207399988,48_3669,11,561
1995,5.300000191,1374.300049,19.60000038,1.537799978,1.207399988,48_3669,12,661
1996,5.300000191,907.4000244,19.79999924,1.534333316,1.207399988,48_3669,13,821
1997,5.300000191,1422.800049,18.70000076,1.530866655,1.207399988,48_3669,14,960
1998,5.300000191,1359.400024,20.39999962,1.527399993,1.207399988,48_3669,15,1112
1999,5.300000191,1106.599976,19.79999924,1.498200011,1.207399988,48_3669,16,1274
2000,5.300000191,1348.5,19.60000038,1.46900003,1.207399988,48_3669,17,1422
2001,5.300000191,1519.800049,18.89999962,1.543799996,1.207399988,48_3669,18,1576
2002,5.300000191,1462.099976,18.89999962,1.376200008,1.207399988,48_3669,19,1732
2003,5.300000191,1135.599976,18.79999924,1.467433337,1.207399988,48_3669,20,1890
2004,5.300000191,1830.900024,19.39999962,1.558666666,1.207399988,48_3669,21,2035
2005,5.300000191,821.7999878,19.79999924,1.649899995,1.207399988,48_3669,22,2294
2006,5.300000191,1093.599976,19.79999924,1.575849996,1.207399988,48_3669,23,2557
2007,5.300000191,1268.5,19.20000076,1.501799997,1.207399988,48_3669,24,2752
2008,5.300000191,1107.900024,19.10000038,1.427749997,1.207399988,48_3669,25,2852
2009,5.300000191,1319.699951,19.29999924,1.353699998,1.207399988,48_3669,26,2948
2010,5.300000191,764,19.29999924,1.279649999,1.207399988,48_3669,27,3044
2011,5.300000191,873.5999756,19.39999962,1.205599999,1.207399988,48_3669,28,3144
2012,5.300000191,1408.599976,19.5,1.223333335,1.207399988,48_3669,29,3253
2013,5.300000191,1103.699951,19.10000038,1.24106667,1.207399988,48_3669,30,3368
2014,5.300000191,1176.599976,18.89999962,1.258800006,1.207399988,48_3669,31,3472
1990,3.099999905,1358.099976,19.79999924,1.798800015,1.798800015,48_3679,2,129
1991,3.099999905,1680.5,19.20000076,2.335199928,1.798800015,48_3679,3,262
1992,3.099999905,1329.800049,18.5,2.530699968,1.798800015,48_3679,4,442
1993,3.099999905,1222.800049,18.29999924,2.726200008,1.798800015,48_3679,5,606
1994,3.099999905,1616.5,19,2.507700014,1.798800015,48_3679,6,796
1995,3.099999905,1353.400024,19.20000076,2.28920002,1.798800015,48_3679,7,952
1990,4.300000191,1340.599976,20,1.405000019,1.405000019,48_3689,3,156
1991,4.300000191,1715.699951,19.20000076,1.691800046,1.405000019,48_3689,4,307
1992,4.300000191,1339,18.79999924,1.788600028,1.405000019,48_3689,5,396
1993,4.300000191,1138.699951,18.5,1.885400009,1.405000019,48_3689,6,550
1994,4.300000191,1525.199951,19.20000076,2.034000015,1.405000019,48_3689,7,737
1995,4.300000191,1463.699951,19.20000076,2.182600021,1.405000019,48_3689,8,926
1996,4.300000191,1074.800049,19.29999924,2.279933341,1.405000019,48_3689,9,1119
1997,4.300000191,1474.199951,18.5,2.377266661,1.405000019,48_3689,10,1316
1998,4.300000191,1586.199951,20.29999924,2.474599981,1.405000019,48_3689,11,1524
1999,4.300000191,1219.199951,19.79999924,2.321799994,1.405000019,48_3689,12,1738
1990,5.699999809,407.2999878,23.79999924,1.525000006,1.525000006,48_3729,7,700
1991,5.699999809,939.4000244,23.39999962,1.551600027,1.525000006,48_3729,8,1358
1992,5.699999809,849.5,22.89999962,1.630200028,1.525000006,48_3729,9,2034
1993,5.699999809,709.7999878,22.89999962,1.667400002,1.525000006,48_3729,10,2800
1994,5.699999809,721.7999878,23.70000076,1.710920005,1.525000006,48_3729,11,3731
1995,5.699999809,758,23.39999962,1.754440007,1.525000006,48_3729,12,5100
1996,5.699999809,514.7999878,23.39999962,1.79796001,1.525000006,48_3729,13,6469
1997,5.699999809,819.0999756,22.89999962,1.841480012,1.525000006,48_3729,14,7958
1998,5.699999809,706.0999756,24.29999924,1.885000014,1.525000006,48_3729,15,9088
1999,5.699999809,573.5,24.10000038,1.58000001,1.525000006,48_3729,16,10376
2000,5.699999809,488.3999939,24.10000038,1.275000006,1.525000006,48_3729,17,11651
2001,5.699999809,532.7999878,23.79999924,1.316866672,1.525000006,48_3729,18,12937
2002,5.699999809,762.7999878,23.79999924,1.358733338,1.525000006,48_3729,19,14200
2003,5.699999809,809.5,23.5,1.400600004,1.525000006,48_3729,20,15470
1990,3.099999905,461.5,23.39999962,2,2,48_3739,8,426
1991,3.099999905,799.2999878,23,2.172600031,2,48_3739,9,887
1992,3.099999905,824.4000244,22.5,2.231399965,2,48_3739,10,1403
1993,3.099999905,807.2999878,22.29999924,2.533200026,2,48_3739,11,1982
1994,3.099999905,610.5999756,23.20000076,2.451333332,2,48_3739,12,2556
1995,3.099999905,700.2999878,22.89999962,2.597999995,2,48_3739,13,2658
1996,3.099999905,446.8999939,23,2.552224996,2,48_3739,14,3245
1997,3.099999905,833.5,22.29999924,2.506449997,2,48_3739,15,3870
1998,3.099999905,681.4000244,23.79999924,2.44454444,2,48_3739,16,4549
1999,3.099999905,700.5999756,23.60000038,2.382638882,2,48_3739,17,5414
2000,3.099999905,477.7000122,23.5,2.320733325,2,48_3739,18,6304
2001,3.099999905,607.7000122,23.20000076,2.195349991,2,48_3739,19,7167
2002,3.099999905,692,23.10000038,1.9704,2,48_3739,20,7970
2003,3.099999905,854.2999878,22.79999924,2.137400007,2,48_3739,21,8978
2004,3.099999905,690.7000122,23.10000038,2.206649995,2,48_3739,22,9942
2005,3.099999905,473.7000122,23.5,2.275899982,2,48_3739,23,10899
1990,2.599999905,659.7000122,22.89999962,1.244799995,1.244799995,48_3749,9,166
1991,2.599999905,843.4000244,22.5,1.224800014,1.244799995,48_3749,10,330
1992,2.599999905,634.5,21.60000038,1.315600014,1.244799995,48_3749,11,536
1993,2.599999905,661.7999878,21.79999924,1.610599995,1.244799995,48_3749,12,722
1994,2.599999905,782,22.60000038,1.844400001,1.244799995,48_3749,13,908
1995,2.599999905,801.2999878,22.5,2.284200017,1.244799995,48_3749,14,1090
1996,2.599999905,274.8999939,23,2.724000033,1.244799995,48_3749,15,1276
1997,2.599999905,788.2999878,21.5,3.163800049,1.244799995,48_3749,16,1476
1990,2,337.7999878,17.89999962,1.440600014,1.440600014,48_3769,14,89
1991,2,344.8999939,17.29999924,1.58599999,1.440600014,48_3769,15,269
1992,2,278.7000122,17.79999924,1.714399981,1.440600014,48_3769,16,345
1993,2,233.5,18.39999962,1.827479992,1.440600014,48_3769,17,457
1994,2,172.6000061,19.29999924,1.940560002,1.440600014,48_3769,18,801
1995,2,192.8999939,18.79999924,2.053640013,1.440600014,48_3769,19,1120
1996,2,238.5,18.79999924,2.166720023,1.440600014,48_3769,20,1485
1997,2,294.8999939,17.89999962,2.279800034,1.440600014,48_3769,21,1861
1998,2,191.8999939,18.29999924,2.297533353,1.440600014,48_3769,22,2210
1999,2,185.3000031,18.70000076,2.315266673,1.440600014,48_3769,23,2551
2000,2,181.3999939,18.89999962,2.332999992,1.440600014,48_3769,24,2921
2001,2,110.6999969,18.70000076,2.156200027,1.440600014,48_3769,25,3302
2002,2,193.3999939,18.70000076,1.593900013,1.440600014,48_3769,26,3674
2003,2,118.3000031,19.10000038,1.031599998,1.440600014,48_3769,27,4229
2004,2,334.7000122,18.10000038,1.094099998,1.440600014,48_3769,28,4879
2005,2,332.7000122,18.70000076,1.156599998,1.440600014,48_3769,29,5672
2006,2,397.3999939,18.79999924,1.219099998,1.440600014,48_3769,30,6204
2007,2,269.8999939,18.60000038,1.281599998,1.440600014,48_3769,31,6659
1992,6.699999809,1245.099976,20,1.501399994,1.501399994,48_3835,1,553
1993,6.699999809,1175.900024,19.5,1.735599995,1.501399994,48_3835,2,1355
1994,6.699999809,1087.400024,20.29999924,1.830800009,1.501399994,48_3835,3,1841
1995,6.699999809,1007.900024,20.5,1.830066681,1.501399994,48_3835,4,2398
1996,6.699999809,767.5999756,20.79999924,1.829333353,1.501399994,48_3835,5,3232
1997,6.699999809,1166.800049,19.39999962,1.828600025,1.501399994,48_3835,6,4039
1998,6.699999809,1228.900024,21,1.939999986,1.501399994,48_3835,7,4868
1999,6.699999809,690.2999878,20.89999962,1.778200006,1.501399994,48_3835,8,5682
2000,6.699999809,978.7000122,20.70000076,1.422099996,1.501399994,48_3835,9,6658
2001,6.699999809,1186.699951,20.20000076,1.065999985,1.501399994,48_3835,10,7664
2002,6.699999809,1117.199951,20,1.050999999,1.501399994,48_3835,11,8700
2003,6.699999809,1048.699951,19.89999962,1.039199996,1.501399994,48_3835,12,9778
2004,6.699999809,1440.099976,20.39999962,1.027399993,1.501399994,48_3835,13,10813
2005,6.699999809,691.0999756,20.70000076,1.080199993,1.501399994,48_3835,14,12144
2006,6.699999809,1160.300049,21,1.132999992,1.501399994,48_3835,15,13678
2007,6.699999809,1129.5,20.10000038,1.185799992,1.501399994,48_3835,16,15069
2008,6.699999809,789.9000244,20.39999962,1.238599992,1.501399994,48_3835,17,16288
2009,6.699999809,1017.099976,20.79999924,1.191000032,1.501399994,48_3835,18,17357
2010,6.699999809,716.4000244,20.29999924,1.127400017,1.501399994,48_3835,19,18504
1990,3.599999905,954.4000244,21.29999924,1.31400001,1.31400001,48_3855,11,263
1991,3.599999905,1268,20.70000076,1.298200011,1.31400001,48_3855,12,593
1992,3.599999905,1357.300049,20.60000038,1.282400012,1.31400001,48_3855,13,931
1993,3.599999905,1127.099976,20.20000076,1.362000012,1.31400001,48_3855,14,1273
1994,3.599999905,1341.099976,20.89999962,1.364499998,1.31400001,48_3855,15,1584
1995,3.599999905,829.2999878,21.10000038,1.366999984,1.31400001,48_3855,16,1907
1996,3.599999905,713.7999878,21.39999962,1.417199993,1.31400001,48_3855,17,2366
1997,3.599999905,1261,20.29999924,1.467400002,1.31400001,48_3855,18,2864
1998,3.599999905,1280.099976,22,1.517600012,1.31400001,48_3855,19,3328
1999,3.599999905,603.7999878,21.70000076,1.232400006,1.31400001,48_3855,20,3702
2000,3.599999905,1044.5,21.29999924,0.9472,1.31400001,48_3855,21,4175
2001,3.599999905,1142,20.39999962,0.953399998,1.31400001,48_3855,22,4674
2002,3.599999905,1246.400024,20.60000038,0.959599996,1.31400001,48_3855,23,5124
2003,3.599999905,955,20.70000076,0.962,1.31400001,48_3855,24,5445
2004,3.599999905,1484.5,20.39999962,0.964400005,1.31400001,48_3855,25,5920
2005,3.599999905,736.0999756,20.70000076,1.2426,1.31400001,48_3855,26,6424
2006,3.599999905,813.2000122,21.39999962,1.520799994,1.31400001,48_3855,27,6879
2007,3.599999905,1412.300049,20.20000076,1.501440001,1.31400001,48_3855,28,7311
2008,3.599999905,669.0999756,20.60000038,1.482080007,1.31400001,48_3855,29,7751
2009,3.599999905,1108.699951,20.79999924,1.462720013,1.31400001,48_3855,30,8179
2010,3.599999905,848.2999878,20,1.443360019,1.31400001,48_3855,31,8630
2011,3.599999905,454.7999878,21.5,1.424000025,1.31400001,48_3855,32,9058
2012,3.599999905,912.4000244,21.5,1.437066682,1.31400001,48_3855,33,9527
2013,3.599999905,904.2000122,20.39999962,1.45013334,1.31400001,48_3855,34,9987
2014,3.599999905,904.7999878,20.29999924,1.463199997,1.31400001,48_3855,35,10450
2015,3.599999905,1539.5,21,1.519200003,1.31400001,48_3855,36,10915
2016,3.599999905,1231.699951,21.60000038,1.575200009,1.31400001,48_3855,37,11383
1990,3.900000095,905.2999878,19.10000038,1.19519999,1.19519999,48_3865,21,171
1991,3.900000095,1006.400024,18.60000038,1.245599985,1.19519999,48_3865,22,308
1992,3.900000095,1015.5,18.39999962,1.31639998,1.19519999,48_3865,23,471
1993,3.900000095,688.9000244,18.10000038,1.387199974,1.19519999,48_3865,24,641
1994,3.900000095,784.4000244,19,1.375199982,1.19519999,48_3865,25,833
1995,3.900000095,790.7999878,18.60000038,1.363199989,1.19519999,48_3865,26,1011
1996,3.900000095,857.4000244,18.79999924,1.351199996,1.19519999,48_3865,27,1275
1997,3.900000095,1110.699951,18,1.339200004,1.19519999,48_3865,28,1470
1998,3.900000095,911,19.39999962,1.327200011,1.19519999,48_3865,29,1747
1999,3.900000095,487.3999939,19.70000076,1.315200019,1.19519999,48_3865,30,2028
2000,3.900000095,702.4000244,19.39999962,1.36420002,1.19519999,48_3865,31,2272
2001,3.900000095,747,18.60000038,1.157099998,1.19519999,48_3865,32,2519
2002,3.900000095,800.7999878,18.29999924,1.080949998,1.19519999,48_3865,33,2782
2003,3.900000095,727.9000244,18.70000076,1.004799998,1.19519999,48_3865,34,3040
2004,3.900000095,1190.400024,18.39999962,1.024500006,1.19519999,48_3865,35,3330
2005,3.900000095,581.0999756,18.79999924,1.044200015,1.19519999,48_3865,36,3632
2006,3.900000095,499.3999939,19.5,1.05194287,1.19519999,48_3865,37,3936
2007,3.900000095,1099.400024,17.89999962,1.059685724,1.19519999,48_3865,38,4192
2008,3.900000095,580.2000122,18.5,1.067428579,1.19519999,48_3865,39,4382
2009,3.900000095,1023.700012,18.39999962,1.075171433,1.19519999,48_3865,40,4571
2010,3.900000095,641.7000122,18.39999962,1.082914288,1.19519999,48_3865,41,4745
2011,3.900000095,555.2000122,19.70000076,1.090657142,1.19519999,48_3865,42,4938
2012,3.900000095,577.2000122,19.79999924,1.098399997,1.19519999,48_3865,43,5143
1991,2.299999952,578.2000122,12.60000038,1.050600004,1.050600004,48_3875,6,332
1992,2.299999952,544.9000244,12.39999962,1.0926,1.050600004,48_3875,7,677
1993,2.299999952,509.7999878,11.89999962,1.134599996,1.050600004,48_3875,8,1155
1994,2.299999952,450.7000122,13.19999981,1.303679991,1.050600004,48_3875,9,1659
1995,2.299999952,391.7000122,12.89999962,1.472759986,1.050600004,48_3875,10,2108
1996,2.299999952,582.2000122,12.69999981,1.641839981,1.050600004,48_3875,11,2648
1997,2.299999952,513.2999878,12.19999981,1.810919976,1.050600004,48_3875,12,3208
1998,2.299999952,439.7000122,13.69999981,1.979999971,1.050600004,48_3875,13,3780
1999,2.299999952,407.5,13.5,2.126799965,1.050600004,48_3875,14,4326
2000,2.299999952,475.1000061,13.80000019,2.169400024,1.050600004,48_3875,15,4774
1990,4.699999809,375.2000122,14.10000038,2.439599991,2.439599991,48_6079,18,1509
1991,4.699999809,749.9000244,13.69999981,2.591400003,2.439599991,48_6079,19,2854
1992,4.699999809,452.7999878,13.89999962,2.776800013,2.439599991,48_6079,20,4439
1993,4.699999809,398.1000061,13.69999981,2.962200022,2.439599991,48_6079,21,6195
1994,4.699999809,459.7999878,14.89999962,2.902400017,2.439599991,48_6079,22,8059
1995,4.699999809,345.8999939,14.60000038,3.181733354,2.439599991,48_6079,23,9904
1996,4.699999809,477.2000122,14.5,3.461066691,2.439599991,48_6079,24,12036
1997,4.699999809,555.2000122,13.39999962,3.740400028,2.439599991,48_6079,25,14328
1998,4.699999809,432.7000122,14.89999962,3.522700024,2.439599991,48_6079,26,16918
1999,4.699999809,476.5,14.89999962,3.305000019,2.439599991,48_6079,27,19110
2000,4.699999809,413.8999939,15.5,3.087300014,2.439599991,48_6079,28,21017
2001,4.699999809,370,15.19999981,2.86960001,2.439599991,48_6079,29,23130
2002,4.699999809,342.2999878,14.69999981,2.831599998,2.439599991,48_6079,30,25307
1990,6.199999809,681.7000122,22.5,0.777600002,0.777600002,48_6086,19,527
1991,6.199999809,899.0999756,21.79999924,0.729799998,0.777600002,48_6086,20,1020
1992,6.199999809,1166.699951,21.29999924,0.743000001,0.777600002,48_6086,21,1616
1993,6.199999809,768.5,21.10000038,0.756200004,0.777600002,48_6086,22,2218
1994,6.199999809,788.5,22.39999962,0.780499995,0.777600002,48_6086,23,2903
1995,6.199999809,691.5,21.89999962,0.804799986,0.777600002,48_6086,24,3613
1996,6.199999809,468.2999878,22.29999924,0.878066651,0.777600002,48_6086,25,4336
1997,6.199999809,1073.5,21.29999924,0.951333316,0.777600002,48_6086,26,5154
1998,6.199999809,756.7999878,22.70000076,1.024599981,0.777600002,48_6086,27,6006
1999,6.199999809,673.4000244,22.39999962,0.971999991,0.777600002,48_6086,28,6897
2000,6.199999809,622.9000244,22.89999962,0.976399994,0.777600002,48_6086,29,7795
1990,2.700000048,354.2999878,14.19999981,1.768200016,1.768200016,48_6160,28,342
1991,2.700000048,580.5999756,13.89999962,1.901800013,1.768200016,48_6160,29,705
1992,2.700000048,546.7999878,13.80000019,2.026200008,1.768200016,48_6160,30,1039
1993,2.700000048,391.2999878,13.89999962,2.150600004,1.768200016,48_6160,31,1397
1990,4.099999905,337,13.89999962,0.986599994,0.986599994,48_6179,25,272
1991,4.099999905,545.5,13.80000019,1.039399981,0.986599994,48_6179,26,493
1992,4.099999905,534.5999756,13.60000038,1.06079998,0.986599994,48_6179,27,695
1993,4.099999905,407.3999939,13.69999981,1.082199979,0.986599994,48_6179,28,897
1994,4.099999905,413.6000061,14.5,1.41960001,0.986599994,48_6179,29,1096
1995,4.099999905,371.6000061,14.19999981,1.418600005,0.986599994,48_6179,30,1315
1996,4.099999905,420.2000122,14.5,1.4176,0.986599994,48_6179,31,1503
1997,4.099999905,607.0999756,13.39999962,1.416599995,0.986599994,48_6179,32,1812
1998,4.099999905,362.7000122,15.19999981,1.41559999,0.986599994,48_6179,33,2086
1999,4.099999905,559.9000244,14.60000038,1.468499982,0.986599994,48_6179,34,2404
2000,4.099999905,448.5,15,1.521399975,0.986599994,48_6179,35,2705
2001,4.099999905,432.2999878,14.69999981,1.581733314,0.986599994,48_6179,36,3032
2002,4.099999905,433.7000122,13.89999962,1.642066654,0.986599994,48_6179,37,3354
2003,4.099999905,299.8999939,14.5,1.702399993,0.986599994,48_6179,38,3700
1990,1.700000048,794.4000244,20.70000076,1.209600019,1.209600019,48_9005,4,83
1991,1.700000048,1217.599976,20.39999962,1.412999988,1.209600019,48_9005,5,172
1992,1.700000048,1306.300049,20,1.477799988,1.209600019,48_9005,6,290
1993,1.700000048,613.2999878,19.79999924,1.638999999,1.209600019,48_9005,7,431
1994,1.700000048,929.2999878,20.5,1.800200009,1.209600019,48_9005,8,495
1995,1.700000048,658.9000244,20.29999924,2.048600012,1.209600019,48_9005,9,573
1996,1.700000048,479.7000122,20.70000076,2.297000015,1.209600019,48_9005,10,641
1997,1.700000048,985.2999878,19.60000038,2.545400017,1.209600019,48_9005,11,727
1998,1.700000048,1000.200012,21.20000076,2.79380002,1.209600019,48_9005,12,825
1999,1.700000048,491.2000122,21.29999924,2.4546,1.209600019,48_9005,13,954
2000,1.700000048,878.4000244,21,2.115399981,1.209600019,48_9005,14,1139
2001,1.700000048,1014.700012,20.39999962,2.165850008,1.209600019,48_9005,15,1348
2002,1.700000048,1108.900024,20.10000038,2.216300035,1.209600019,48_9005,16,1592
2003,1.700000048,739.9000244,20.20000076,2.226666673,1.209600019,48_9005,17,1810
2004,1.700000048,1303.800049,20.29999924,2.237033312,1.209600019,48_9005,18,2015
2005,1.700000048,559.7999878,21,2.24739995,1.209600019,48_9005,19,2298
2006,1.700000048,501.7999878,21.79999924,2.315199995,1.209600019,48_9005,20,2668
2007,1.700000048,1382.400024,20,2.312299991,1.209600019,48_9005,21,3099
2008,1.700000048,362.2999878,21.29999924,2.309399986,1.209600019,48_9005,22,3367
2009,1.700000048,662.5999756,22.20000076,2.306499982,1.209600019,48_9005,23,3601
2010,1.700000048,696.4000244,20.39999962,2.303599977,1.209600019,48_9005,24,3846
2011,1.700000048,361.5,22,2.370749986,1.209600019,48_9005,25,4023
2012,1.700000048,759.9000244,20.89999962,2.437899995,1.209600019,48_9005,26,4187
2013,1.700000048,751.4000244,20.39999962,2.505050004,1.209600019,48_9005,27,4466
2014,1.700000048,687.9000244,20.20000076,2.572200012,1.209600019,48_9005,28,4661
1990,2.200000048,834.9000244,20.5,0.838800013,0.838800013,48_A310,14,164
1991,2.200000048,1208.199951,20.20000076,0.838800001,0.838800013,48_A310,15,331
1992,2.200000048,1319.599976,19.89999962,0.830599999,0.838800013,48_A310,16,447
1993,2.200000048,629,19.60000038,0.908700007,0.838800013,48_A310,17,574
1994,2.200000048,941.2000122,20.39999962,0.986800015,0.838800013,48_A310,18,728
1995,2.200000048,669.9000244,20.20000076,0.95526667,0.838800013,48_A310,19,880
1996,2.200000048,501.2999878,20.60000038,0.923733326,0.838800013,48_A310,20,1059
1997,2.200000048,1013.200012,19.5,0.892199981,0.838800013,48_A310,21,1285
1998,2.200000048,1015.099976,21.10000038,0.894000006,0.838800013,48_A310,22,1521
1990,2.200000048,834.9000244,20.5,1.038399982,1.038399982,48_A320,14,164
1991,2.200000048,1208.199951,20.20000076,1.013199973,1.038399982,48_A320,15,331
1992,2.200000048,1319.599976,19.89999962,0.994200003,1.038399982,48_A320,16,447
1993,2.200000048,629,19.60000038,1.007680006,1.038399982,48_A320,17,574
1994,2.200000048,941.2000122,20.39999962,1.021160009,1.038399982,48_A320,18,728
1995,2.200000048,669.9000244,20.20000076,1.034640012,1.038399982,48_A320,19,880
1996,2.200000048,501.2999878,20.60000038,1.048120015,1.038399982,48_A320,20,1059
1997,2.200000048,1013.200012,19.5,1.061600018,1.038399982,48_A320,21,1285
1998,2.200000048,1015.099976,21.10000038,1.055599999,1.038399982,48_A320,22,1521
1990,2.099999905,834.9000244,20.5,0.560599995,0.560599995,48_A330,14,164
1991,2.099999905,1208.199951,20.20000076,0.595000005,0.560599995,48_A330,15,331
1992,2.099999905,1319.599976,19.89999962,0.572799993,0.560599995,48_A330,16,447
1993,2.099999905,629,19.60000038,0.626299989,0.560599995,48_A330,17,574
1994,2.099999905,941.2000122,20.39999962,0.679799986,0.560599995,48_A330,18,728
1995,2.099999905,669.9000244,20.20000076,0.706133326,0.560599995,48_A330,19,880
1996,2.099999905,501.2999878,20.60000038,0.732466666,0.560599995,48_A330,20,1059
1997,2.099999905,1013.200012,19.5,0.758800006,0.560599995,48_A330,21,1285
1998,2.099999905,1015.099976,21.10000038,0.787999988,0.560599995,48_A330,22,1521
1990,2.200000048,834.9000244,20.5,0.825400007,0.825400007,48_A340,14,164
1991,2.200000048,1208.199951,20.20000076,0.813999999,0.825400007,48_A340,15,331
1992,2.200000048,1319.599976,19.89999962,0.742400002,0.825400007,48_A340,16,447
1993,2.200000048,629,19.60000038,0.7778,0.825400007,48_A340,17,574
1994,2.200000048,941.2000122,20.39999962,0.813199997,0.825400007,48_A340,18,728
1995,2.200000048,669.9000244,20.20000076,0.845866664,0.825400007,48_A340,19,880
1996,2.200000048,501.2999878,20.60000038,0.878533332,0.825400007,48_A340,20,1059
1997,2.200000048,1013.200012,19.5,0.911199999,0.825400007,48_A340,21,1285
1998,2.200000048,1015.099976,21.10000038,0.904799998,0.825400007,48_A340,22,1521
1991,8.199999809,1313.199951,18.5,1.374600005,1.374600005,48_A502,14,346
1992,8.199999809,1177.099976,18.20000076,1.234200001,1.374600005,48_A502,15,685
1993,8.199999809,1053.599976,17.79999924,1.210000014,1.374600005,48_A502,16,1057
1994,8.199999809,1196.599976,18.39999962,1.269399977,1.374600005,48_A502,17,1491
1995,8.199999809,1019.099976,18.39999962,1.295933326,1.374600005,48_A502,18,1981
1996,8.199999809,832.2999878,18.39999962,1.322466675,1.374600005,48_A502,19,2551
1997,8.199999809,1255.699951,17.79999924,1.349000025,1.374600005,48_A502,20,3162
1998,8.199999809,1112.699951,19.60000038,1.320733356,1.374600005,48_A502,21,3803
1999,8.199999809,700.2999878,19.20000076,1.292466688,1.374600005,48_A502,22,4466
2000,8.199999809,1093.099976,18.60000038,1.26420002,1.374600005,48_A502,23,5091
2001,8.199999809,1144.300049,18.5,1.301599979,1.374600005,48_A502,24,5714
2002,8.199999809,1027,17.79999924,1.199000025,1.374600005,48_A502,25,6391
2003,8.199999809,733.2000122,18.20000076,1.263199997,1.374600005,48_A502,26,7006
2004,8.199999809,1130.400024,18.5,1.306400013,1.374600005,48_A502,27,7577
2005,8.199999809,680.7000122,19.10000038,1.36960001,1.374600005,48_A502,28,8150
2006,8.199999809,877.5,19.70000076,1.383500004,1.374600005,48_A502,29,8726
2007,8.199999809,1433.699951,18.29999924,1.397399998,1.374600005,48_A502,30,9304
2008,8.199999809,882.7999878,18.29999924,1.484600019,1.374600005,48_A502,31,9885
2009,8.199999809,1361.699951,18.10000038,1.492333349,1.374600005,48_A502,32,10468
2010,8.199999809,1038.800049,18.39999962,1.500066678,1.374600005,48_A502,33,11054
2011,8.199999809,696.5,19.39999962,1.507800007,1.374600005,48_A502,34,11642
2012,8.199999809,951.4000244,19.79999924,1.505400014,1.374600005,48_A502,35,12233
2013,8.199999809,925.5999756,18.60000038,1.503000021,1.374600005,48_A502,36,12826
2014,8.199999809,670.0999756,18.29999924,1.52226669,1.374600005,48_A502,37,13422
2015,8.199999809,1627.699951,19.20000076,1.541533359,1.374600005,48_A502,38,14020
2016,8.199999809,1117.099976,19.70000076,1.560800028,1.374600005,48_A502,39,14621
1991,7.599999905,1313.199951,18.5,1.491600013,1.491600013,48_A503,14,346
1992,7.599999905,1177.099976,18.20000076,1.111399984,1.491600013,48_A503,15,685
1993,7.599999905,1053.599976,17.79999924,1.126800036,1.491600013,48_A503,16,1057
1994,7.599999905,1196.599976,18.39999962,1.179800034,1.491600013,48_A503,17,1491
1995,7.599999905,1019.099976,18.39999962,1.208866692,1.491600013,48_A503,18,1981
1996,7.599999905,832.2999878,18.39999962,1.23793335,1.491600013,48_A503,19,2551
1997,7.599999905,1255.699951,17.79999924,1.267000008,1.491600013,48_A503,20,3162
1998,7.599999905,1112.699951,19.60000038,1.229533346,1.491600013,48_A503,21,3803
1999,7.599999905,700.2999878,19.20000076,1.192066685,1.491600013,48_A503,22,4466
2000,7.599999905,1093.099976,18.60000038,1.154600024,1.491600013,48_A503,23,5091
2001,7.599999905,1144.300049,18.5,1.220799994,1.491600013,48_A503,24,5714
2002,7.599999905,1027,17.79999924,1.116599989,1.491600013,48_A503,25,6391
2003,7.599999905,733.2000122,18.20000076,1.230799985,1.491600013,48_A503,26,7006
2004,7.599999905,1130.400024,18.5,1.205999994,1.491600013,48_A503,27,7577
2005,7.599999905,680.7000122,19.10000038,1.24519999,1.491600013,48_A503,28,8150
2006,7.599999905,877.5,19.70000076,1.243200004,1.491600013,48_A503,29,8726
2007,7.599999905,1433.699951,18.29999924,1.241200018,1.491600013,48_A503,30,9304
2008,7.599999905,882.7999878,18.29999924,1.2954,1.491600013,48_A503,31,9885
2009,7.599999905,1361.699951,18.10000038,1.295999996,1.491600013,48_A503,32,10468
2010,7.599999905,1038.800049,18.39999962,1.296599992,1.491600013,48_A503,33,11054
2011,7.599999905,696.5,19.39999962,1.297199988,1.491600013,48_A503,34,11642
2012,7.599999905,951.4000244,19.79999924,1.316400003,1.491600013,48_A503,35,12233
2013,7.599999905,925.5999756,18.60000038,1.335600019,1.491600013,48_A503,36,12826
2014,7.599999905,670.0999756,18.29999924,1.38913335,1.491600013,48_A503,37,13422
2015,7.599999905,1627.699951,19.20000076,1.442666682,1.491600013,48_A503,38,14020
2016,7.599999905,1117.099976,19.70000076,1.496200013,1.491600013,48_A503,39,14621
1991,7.099999905,1313.199951,18.5,1.38039999,1.38039999,48_A504,14,346
1992,7.099999905,1177.099976,18.20000076,1.544000006,1.38039999,48_A504,15,685
1993,7.099999905,1053.599976,17.79999924,1.495000005,1.38039999,48_A504,16,1057
1994,7.099999905,1196.599976,18.39999962,1.527800035,1.38039999,48_A504,17,1491
1995,7.099999905,1019.099976,18.39999962,1.526200024,1.38039999,48_A504,18,1981
1996,7.099999905,832.2999878,18.39999962,1.524600013,1.38039999,48_A504,19,2551
1997,7.099999905,1255.699951,17.79999924,1.523000002,1.38039999,48_A504,20,3162
1998,7.099999905,1112.699951,19.60000038,1.497400006,1.38039999,48_A504,21,3803
1999,7.099999905,700.2999878,19.20000076,1.471800009,1.38039999,48_A504,22,4466
2000,7.099999905,1093.099976,18.60000038,1.446200013,1.38039999,48_A504,23,5091
2001,7.099999905,1144.300049,18.5,1.427600002,1.38039999,48_A504,24,5714
2002,7.099999905,1027,17.79999924,1.301200032,1.38039999,48_A504,25,6391
2003,7.099999905,733.2000122,18.20000076,1.421799994,1.38039999,48_A504,26,7006
2004,7.099999905,1130.400024,18.5,1.445799994,1.38039999,48_A504,27,7577
2005,7.099999905,680.7000122,19.10000038,1.460800004,1.38039999,48_A504,28,8150
2006,7.099999905,877.5,19.70000076,1.466499996,1.38039999,48_A504,29,8726
2007,7.099999905,1433.699951,18.29999924,1.472199988,1.38039999,48_A504,30,9304
2008,7.099999905,882.7999878,18.29999924,1.50480001,1.38039999,48_A504,31,9885
2009,7.099999905,1361.699951,18.10000038,1.500733336,1.38039999,48_A504,32,10468
2010,7.099999905,1038.800049,18.39999962,1.496666662,1.38039999,48_A504,33,11054
2011,7.099999905,696.5,19.39999962,1.492599988,1.38039999,48_A504,34,11642
2012,7.099999905,951.4000244,19.79999924,1.505799985,1.38039999,48_A504,35,12233
2013,7.099999905,925.5999756,18.60000038,1.518999982,1.38039999,48_A504,36,12826
2014,7.099999905,670.0999756,18.29999924,1.626599987,1.38039999,48_A504,37,13422
2015,7.099999905,1627.699951,19.20000076,1.734199993,1.38039999,48_A504,38,14020
2016,7.099999905,1117.099976,19.70000076,1.841799998,1.38039999,48_A504,39,14621
1991,8.699999809,1313.199951,18.5,1.545000005,1.545000005,48_A505,14,346
1992,8.699999809,1177.099976,18.20000076,1.363400006,1.545000005,48_A505,15,685
1993,8.699999809,1053.599976,17.79999924,1.315199971,1.545000005,48_A505,16,1057
1994,8.699999809,1196.599976,18.39999962,1.459599996,1.545000005,48_A505,17,1491
1995,8.699999809,1019.099976,18.39999962,1.464866662,1.545000005,48_A505,18,1981
1996,8.699999809,832.2999878,18.39999962,1.470133328,1.545000005,48_A505,19,2551
1997,8.699999809,1255.699951,17.79999924,1.475399995,1.545000005,48_A505,20,3162
1998,8.699999809,1112.699951,19.60000038,1.476066661,1.545000005,48_A505,21,3803
1999,8.699999809,700.2999878,19.20000076,1.476733327,1.545000005,48_A505,22,4466
2000,8.699999809,1093.099976,18.60000038,1.477399993,1.545000005,48_A505,23,5091
2001,8.699999809,1144.300049,18.5,1.51639998,1.545000005,48_A505,24,5714
2002,8.699999809,1027,17.79999924,1.384399986,1.545000005,48_A505,25,6391
2003,8.699999809,733.2000122,18.20000076,1.5352,1.545000005,48_A505,26,7006
2004,8.699999809,1130.400024,18.5,1.551400042,1.545000005,48_A505,27,7577
2005,8.699999809,680.7000122,19.10000038,1.658599997,1.545000005,48_A505,28,8150
2006,8.699999809,877.5,19.70000076,1.7023,1.545000005,48_A505,29,8726
2007,8.699999809,1433.699951,18.29999924,1.746000004,1.545000005,48_A505,30,9304
2008,8.699999809,882.7999878,18.29999924,1.8398,1.545000005,48_A505,31,9885
2009,8.699999809,1361.699951,18.10000038,1.868866666,1.545000005,48_A505,32,10468
2010,8.699999809,1038.800049,18.39999962,1.897933332,1.545000005,48_A505,33,11054
2011,8.699999809,696.5,19.39999962,1.926999998,1.545000005,48_A505,34,11642
2012,8.699999809,951.4000244,19.79999924,1.933099997,1.545000005,48_A505,35,12233
2013,8.699999809,925.5999756,18.60000038,1.939199996,1.545000005,48_A505,36,12826
2014,8.699999809,670.0999756,18.29999924,2.062533331,1.545000005,48_A505,37,13422
2015,8.699999809,1627.699951,19.20000076,2.185866666,1.545000005,48_A505,38,14020
2016,8.699999809,1117.099976,19.70000076,2.309200001,1.545000005,48_A505,39,14621
1991,8.300000191,1313.199951,18.5,1.181599998,1.181599998,48_A506,14,346
1992,8.300000191,1177.099976,18.20000076,1.520599985,1.181599998,48_A506,15,685
1993,8.300000191,1053.599976,17.79999924,1.461399984,1.181599998,48_A506,16,1057
1994,8.300000191,1196.599976,18.39999962,1.502399993,1.181599998,48_A506,17,1491
1995,8.300000191,1019.099976,18.39999962,1.51566666,1.181599998,48_A506,18,1981
1996,8.300000191,832.2999878,18.39999962,1.528933326,1.181599998,48_A506,19,2551
1997,8.300000191,1255.699951,17.79999924,1.542199993,1.181599998,48_A506,20,3162
1998,8.300000191,1112.699951,19.60000038,1.484466656,1.181599998,48_A506,21,3803
1999,8.300000191,700.2999878,19.20000076,1.426733319,1.181599998,48_A506,22,4466
2000,8.300000191,1093.099976,18.60000038,1.368999982,1.181599998,48_A506,23,5091
2001,8.300000191,1144.300049,18.5,1.322000003,1.181599998,48_A506,24,5714
2002,8.300000191,1027,17.79999924,1.201399994,1.181599998,48_A506,25,6391
2003,8.300000191,733.2000122,18.20000076,1.281599998,1.181599998,48_A506,26,7006
2004,8.300000191,1130.400024,18.5,1.417799973,1.181599998,48_A506,27,7577
2005,8.300000191,680.7000122,19.10000038,1.393400002,1.181599998,48_A506,28,8150
2006,8.300000191,877.5,19.70000076,1.377499998,1.181599998,48_A506,29,8726
2007,8.300000191,1433.699951,18.29999924,1.361599994,1.181599998,48_A506,30,9304
2008,8.300000191,882.7999878,18.29999924,1.447000003,1.181599998,48_A506,31,9885
2009,8.300000191,1361.699951,18.10000038,1.426933336,1.181599998,48_A506,32,10468
2010,8.300000191,1038.800049,18.39999962,1.40686667,1.181599998,48_A506,33,11054
2011,8.300000191,696.5,19.39999962,1.386800003,1.181599998,48_A506,34,11642
2012,8.300000191,951.4000244,19.79999924,1.348399997,1.181599998,48_A506,35,12233
2013,8.300000191,925.5999756,18.60000038,1.30999999,1.181599998,48_A506,36,12826
2014,8.300000191,670.0999756,18.29999924,1.452333323,1.181599998,48_A506,37,13422
2015,8.300000191,1627.699951,19.20000076,1.594666656,1.181599998,48_A506,38,14020
2016,8.300000191,1117.099976,19.70000076,1.736999989,1.181599998,48_A506,39,14621
1991,8.100000381,1313.199951,18.5,1.463199997,1.463199997,48_A507,14,346
1992,8.100000381,1177.099976,18.20000076,1.449199986,1.463199997,48_A507,15,685
1993,8.100000381,1053.599976,17.79999924,1.324000001,1.463199997,48_A507,16,1057
1994,8.100000381,1196.599976,18.39999962,1.456200004,1.463199997,48_A507,17,1491
1995,8.100000381,1019.099976,18.39999962,1.423866669,1.463199997,48_A507,18,1981
1996,8.100000381,832.2999878,18.39999962,1.391533335,1.463199997,48_A507,19,2551
1997,8.100000381,1255.699951,17.79999924,1.359200001,1.463199997,48_A507,20,3162
1998,8.100000381,1112.699951,19.60000038,1.328866673,1.463199997,48_A507,21,3803
1999,8.100000381,700.2999878,19.20000076,1.298533344,1.463199997,48_A507,22,4466
2000,8.100000381,1093.099976,18.60000038,1.268200016,1.463199997,48_A507,23,5091
2001,8.100000381,1144.300049,18.5,1.280199981,1.463199997,48_A507,24,5714
2002,8.100000381,1027,17.79999924,1.147400022,1.463199997,48_A507,25,6391
2003,8.100000381,733.2000122,18.20000076,1.251999998,1.463199997,48_A507,26,7006
2004,8.100000381,1130.400024,18.5,1.243400002,1.463199997,48_A507,27,7577
2005,8.100000381,680.7000122,19.10000038,1.278999996,1.463199997,48_A507,28,8150
2006,8.100000381,877.5,19.70000076,1.27019999,1.463199997,48_A507,29,8726
2007,8.100000381,1433.699951,18.29999924,1.261399984,1.463199997,48_A507,30,9304
2008,8.100000381,882.7999878,18.29999924,1.284000015,1.463199997,48_A507,31,9885
2009,8.100000381,1361.699951,18.10000038,1.353866673,1.463199997,48_A507,32,10468
2010,8.100000381,1038.800049,18.39999962,1.42373333,1.463199997,48_A507,33,11054
2011,8.100000381,696.5,19.39999962,1.493599987,1.463199997,48_A507,34,11642
2012,8.100000381,951.4000244,19.79999924,1.477099979,1.463199997,48_A507,35,12233
2013,8.100000381,925.5999756,18.60000038,1.460599971,1.463199997,48_A507,36,12826
2014,8.100000381,670.0999756,18.29999924,1.606066656,1.463199997,48_A507,37,13422
2015,8.100000381,1627.699951,19.20000076,1.751533341,1.463199997,48_A507,38,14020
2016,8.100000381,1117.099976,19.70000076,1.897000027,1.463199997,48_A507,39,14621
1991,8.199999809,1313.199951,18.5,1.257599998,1.257599998,48_A508,14,346
1992,8.199999809,1177.099976,18.20000076,1.063999987,1.257599998,48_A508,15,685
1993,8.199999809,1053.599976,17.79999924,1.098200035,1.257599998,48_A508,16,1057
1994,8.199999809,1196.599976,18.39999962,1.149600005,1.257599998,48_A508,17,1491
1995,8.199999809,1019.099976,18.39999962,1.155133343,1.257599998,48_A508,18,1981
1996,8.199999809,832.2999878,18.39999962,1.16066668,1.257599998,48_A508,19,2551
1997,8.199999809,1255.699951,17.79999924,1.166200018,1.257599998,48_A508,20,3162
1998,8.199999809,1112.699951,19.60000038,1.16413335,1.257599998,48_A508,21,3803
1999,8.199999809,700.2999878,19.20000076,1.162066682,1.257599998,48_A508,22,4466
2000,8.199999809,1093.099976,18.60000038,1.160000014,1.257599998,48_A508,23,5091
2001,8.199999809,1144.300049,18.5,1.193600011,1.257599998,48_A508,24,5714
2002,8.199999809,1027,17.79999924,1.084200001,1.257599998,48_A508,25,6391
2003,8.199999809,733.2000122,18.20000076,1.143799996,1.257599998,48_A508,26,7006
2004,8.199999809,1130.400024,18.5,1.199000001,1.257599998,48_A508,27,7577
2005,8.199999809,680.7000122,19.10000038,1.23499999,1.257599998,48_A508,28,8150
2006,8.199999809,877.5,19.70000076,1.223799992,1.257599998,48_A508,29,8726
2007,8.199999809,1433.699951,18.29999924,1.212599993,1.257599998,48_A508,30,9304
2008,8.199999809,882.7999878,18.29999924,1.347000027,1.257599998,48_A508,31,9885
2009,8.199999809,1361.699951,18.10000038,1.351133347,1.257599998,48_A508,32,10468
2010,8.199999809,1038.800049,18.39999962,1.355266666,1.257599998,48_A508,33,11054
2011,8.199999809,696.5,19.39999962,1.359399986,1.257599998,48_A508,34,11642
2012,8.199999809,951.4000244,19.79999924,1.410299993,1.257599998,48_A508,35,12233
2013,8.199999809,925.5999756,18.60000038,1.461199999,1.257599998,48_A508,36,12826
2014,8.199999809,670.0999756,18.29999924,1.509066661,1.257599998,48_A508,37,13422
2015,8.199999809,1627.699951,19.20000076,1.556933324,1.257599998,48_A508,38,14020
2016,8.199999809,1117.099976,19.70000076,1.604799986,1.257599998,48_A508,39,14621
1991,8,1313.199951,18.5,1.94519999,1.94519999,48_A509,14,346
1992,8,1177.099976,18.20000076,1.242800021,1.94519999,48_A509,15,685
1993,8,1053.599976,17.79999924,1.211399984,1.94519999,48_A509,16,1057
1994,8,1196.599976,18.39999962,1.249999976,1.94519999,48_A509,17,1491
1995,8,1019.099976,18.39999962,1.25066665,1.94519999,48_A509,18,1981
1996,8,832.2999878,18.39999962,1.251333324,1.94519999,48_A509,19,2551
1997,8,1255.699951,17.79999924,1.251999998,1.94519999,48_A509,20,3162
1998,8,1112.699951,19.60000038,1.239399997,1.94519999,48_A509,21,3803
1999,8,700.2999878,19.20000076,1.226799997,1.94519999,48_A509,22,4466
2000,8,1093.099976,18.60000038,1.214199996,1.94519999,48_A509,23,5091
2001,8,1144.300049,18.5,1.206599998,1.94519999,48_A509,24,5714
2002,8,1027,17.79999924,1.127800012,1.94519999,48_A509,25,6391
2003,8,733.2000122,18.20000076,1.220200014,1.94519999,48_A509,26,7006
2004,8,1130.400024,18.5,1.220000005,1.94519999,48_A509,27,7577
2005,8,680.7000122,19.10000038,1.224799991,1.94519999,48_A509,28,8150
2006,8,877.5,19.70000076,1.25589999,1.94519999,48_A509,29,8726
2007,8,1433.699951,18.29999924,1.286999989,1.94519999,48_A509,30,9304
2008,8,882.7999878,18.29999924,1.318599987,1.94519999,48_A509,31,9885
2009,8,1361.699951,18.10000038,1.332933323,1.94519999,48_A509,32,10468
2010,8,1038.800049,18.39999962,1.347266658,1.94519999,48_A509,33,11054
2011,8,696.5,19.39999962,1.361599994,1.94519999,48_A509,34,11642
2012,8,951.4000244,19.79999924,1.363999987,1.94519999,48_A509,35,12233
2013,8,925.5999756,18.60000038,1.36639998,1.94519999,48_A509,36,12826
2014,8,670.0999756,18.29999924,1.433399979,1.94519999,48_A509,37,13422
2015,8,1627.699951,19.20000076,1.500399979,1.94519999,48_A509,38,14020
2016,8,1117.099976,19.70000076,1.567399979,1.94519999,48_A509,39,14621
2014,3.200000048,612.2000122,17.60000038,0.600199997,0.600199997,48_AA01,0,446
2015,3.200000048,1162.400024,18.29999924,0.514999995,0.600199997,48_AA01,1,913
2016,3.200000048,889.9000244,18.89999962,0.600600004,0.600199997,48_AA01,2,1365
2017,3.200000048,619.2000122,18.5,0.62299999,0.600199997,48_AA01,3,1841
2018,3.200000048,1005.299988,17.70000076,0.711799997,0.600199997,48_AA01,4,2443
2019,3.200000048,699,17.39999962,0.800600004,0.600199997,48_AA01,5,3059
2020,3.200000048,861.9000244,17.89999962,0.88900001,0.600199997,48_AA01,6,3642
2014,3.299999952,612.2000122,17.60000038,1.053599977,1.053599977,48_AA02,0,446
2015,3.299999952,1162.400024,18.29999924,0.719500011,1.053599977,48_AA02,1,913
2016,3.299999952,889.9000244,18.89999962,0.747399998,1.053599977,48_AA02,2,1365
2017,3.299999952,619.2000122,18.5,0.729399991,1.053599977,48_AA02,3,1841
2018,3.299999952,1005.299988,17.70000076,0.801199996,1.053599977,48_AA02,4,2443
2019,3.299999952,699,17.39999962,0.873000002,1.053599977,48_AA02,5,3059
2020,3.299999952,861.9000244,17.89999962,0.99519999,1.053599977,48_AA02,6,3642
2014,3.200000048,612.2000122,17.60000038,0.725399995,0.725399995,48_AA03,0,446
2015,3.200000048,1162.400024,18.29999924,0.663099998,0.725399995,48_AA03,1,913
2016,3.200000048,889.9000244,18.89999962,0.695800006,0.725399995,48_AA03,2,1365
2017,3.200000048,619.2000122,18.5,0.880199993,0.725399995,48_AA03,3,1841
2018,3.200000048,1005.299988,17.70000076,1.007799989,0.725399995,48_AA03,4,2443
2019,3.200000048,699,17.39999962,1.135399985,0.725399995,48_AA03,5,3059
1990,8.100000381,1349.800049,18.89999962,1.059399986,1.059399986,48_B310,13,370
1991,8.100000381,1313.199951,18.5,1.59519999,1.059399986,48_B310,14,717
1992,8.100000381,1177.099976,18.20000076,1.537299979,1.059399986,48_B310,15,1056
1993,8.100000381,1053.599976,17.79999924,1.479399967,1.059399986,48_B310,16,1428
1994,8.100000381,1196.599976,18.39999962,1.289599991,1.059399986,48_B310,17,1862
1995,8.100000381,1019.099976,18.39999962,1.480066665,1.059399986,48_B310,18,2352
1996,8.100000381,832.2999878,18.39999962,1.670533339,1.059399986,48_B310,19,2924
1997,8.100000381,1255.699951,17.79999924,1.861000013,1.059399986,48_B310,20,3535
1998,8.100000381,1112.699951,19.60000038,1.821533342,1.059399986,48_B310,21,4176
1999,8.100000381,700.2999878,19.20000076,1.782066671,1.059399986,48_B310,22,4839
2000,8.100000381,1093.099976,18.60000038,1.7426,1.059399986,48_B310,23,5464
2001,8.100000381,1144.300049,18.5,1.703133329,1.059399986,48_B310,24,6087
2002,8.100000381,1027,17.79999924,1.663666658,1.059399986,48_B310,25,6764
2003,8.100000381,733.2000122,18.20000076,1.624199986,1.059399986,48_B310,26,7379
1990,8.300000191,1349.800049,18.89999962,1.062999988,1.062999988,48_B320,13,370
1991,8.300000191,1313.199951,18.5,1.137599993,1.062999988,48_B320,14,717
1992,8.300000191,1177.099976,18.20000076,1.212199998,1.062999988,48_B320,15,1056
1993,8.300000191,1053.599976,17.79999924,1.286800003,1.062999988,48_B320,16,1428
1994,8.300000191,1196.599976,18.39999962,1.13599999,1.062999988,48_B320,17,1862
1995,8.300000191,1019.099976,18.39999962,1.236266645,1.062999988,48_B320,18,2352
1996,8.300000191,832.2999878,18.39999962,1.3365333,1.062999988,48_B320,19,2924
1997,8.300000191,1255.699951,17.79999924,1.436799955,1.062999988,48_B320,20,3535
1998,8.300000191,1112.699951,19.60000038,1.459499959,1.062999988,48_B320,21,4176
1999,8.300000191,700.2999878,19.20000076,1.482199963,1.062999988,48_B320,22,4839
2000,8.300000191,1093.099976,18.60000038,1.504899967,1.062999988,48_B320,23,5464
2001,8.300000191,1144.300049,18.5,1.52759997,1.062999988,48_B320,24,6087
2002,8.300000191,1027,17.79999924,1.550299974,1.062999988,48_B320,25,6764
2003,8.300000191,733.2000122,18.20000076,1.572999978,1.062999988,48_B320,26,7379
1990,8.399999619,1349.800049,18.89999962,1.433799982,1.433799982,48_B330,13,370
1991,8.399999619,1313.199951,18.5,1.482200027,1.433799982,48_B330,14,717
1992,8.399999619,1177.099976,18.20000076,1.544800019,1.433799982,48_B330,15,1056
1993,8.399999619,1053.599976,17.79999924,1.607400012,1.433799982,48_B330,16,1428
1994,8.399999619,1196.599976,18.39999962,1.670000005,1.433799982,48_B330,17,1862
1995,8.399999619,1019.099976,18.39999962,1.943800004,1.433799982,48_B330,18,2352
1996,8.399999619,832.2999878,18.39999962,2.217600004,1.433799982,48_B330,19,2924
1997,8.399999619,1255.699951,17.79999924,2.491400003,1.433799982,48_B330,20,3535
1998,8.399999619,1112.699951,19.60000038,2.480166666,1.433799982,48_B330,21,4176
1999,8.399999619,700.2999878,19.20000076,2.468933328,1.433799982,48_B330,22,4839
2000,8.399999619,1093.099976,18.60000038,2.45769999,1.433799982,48_B330,23,5464
2001,8.399999619,1144.300049,18.5,2.446466653,1.433799982,48_B330,24,6087
2002,8.399999619,1027,17.79999924,2.435233315,1.433799982,48_B330,25,6764
2003,8.399999619,733.2000122,18.20000076,2.423999977,1.433799982,48_B330,26,7379
1990,8.199999809,1349.800049,18.89999962,1.759000015,1.759000015,48_B340,13,370
1991,8.199999809,1313.199951,18.5,1.842199993,1.759000015,48_B340,14,717
1992,8.199999809,1177.099976,18.20000076,1.894666664,1.759000015,48_B340,15,1056
1993,8.199999809,1053.599976,17.79999924,1.947133334,1.759000015,48_B340,16,1428
1994,8.199999809,1196.599976,18.39999962,1.999600005,1.759000015,48_B340,17,1862
1995,8.199999809,1019.099976,18.39999962,2.127400001,1.759000015,48_B340,18,2352
1996,8.199999809,832.2999878,18.39999962,2.255199997,1.759000015,48_B340,19,2924
1997,8.199999809,1255.699951,17.79999924,2.382999992,1.759000015,48_B340,20,3535
1998,8.199999809,1112.699951,19.60000038,2.426833328,1.759000015,48_B340,21,4176
1999,8.199999809,700.2999878,19.20000076,2.470666663,1.759000015,48_B340,22,4839
2000,8.199999809,1093.099976,18.60000038,2.514499998,1.759000015,48_B340,23,5464
2001,8.199999809,1144.300049,18.5,2.558333333,1.759000015,48_B340,24,6087
2002,8.199999809,1027,17.79999924,2.602166669,1.759000015,48_B340,25,6764
2003,8.199999809,733.2000122,18.20000076,2.646000004,1.759000015,48_B340,26,7379
1990,8.300000191,1349.800049,18.89999962,1.212799978,1.212799978,48_B350,13,370
1991,8.300000191,1313.199951,18.5,1.352600026,1.212799978,48_B350,14,717
1992,8.300000191,1177.099976,18.20000076,1.390600002,1.212799978,48_B350,15,1056
1993,8.300000191,1053.599976,17.79999924,1.428599977,1.212799978,48_B350,16,1428
1994,8.300000191,1196.599976,18.39999962,1.565199995,1.212799978,48_B350,17,1862
1995,8.300000191,1019.099976,18.39999962,1.59986666,1.212799978,48_B350,18,2352
1996,8.300000191,832.2999878,18.39999962,1.634533326,1.212799978,48_B350,19,2924
1997,8.300000191,1255.699951,17.79999924,1.669199991,1.212799978,48_B350,20,3535
1998,8.300000191,1112.699951,19.60000038,1.751759996,1.212799978,48_B350,21,4176
1999,8.300000191,700.2999878,19.20000076,1.834320002,1.212799978,48_B350,22,4839
2000,8.300000191,1093.099976,18.60000038,1.916880007,1.212799978,48_B350,23,5464
2001,8.300000191,1144.300049,18.5,1.999440012,1.212799978,48_B350,24,6087
2002,8.300000191,1027,17.79999924,2.082000017,1.212799978,48_B350,25,6764
2003,8.300000191,733.2000122,18.20000076,2.097799969,1.212799978,48_B350,26,7379
1990,7.099999905,591.4000244,17.70000076,0.917799997,0.917799997,48_D310,8,1278
1991,7.099999905,800,17.29999924,1.137199974,0.917799997,48_D310,9,2679
1992,7.099999905,582,17.39999962,1.156399989,0.917799997,48_D310,10,4122
1993,7.099999905,478.7000122,16.79999924,1.145500004,0.917799997,48_D310,11,5551
1994,7.099999905,412,17.20000076,1.134600019,0.917799997,48_D310,12,7002
1990,6.900000095,591.4000244,17.70000076,0.783000004,0.783000004,48_D320,8,1278
1991,6.900000095,800,17.29999924,0.833800006,0.783000004,48_D320,9,2679
1992,6.900000095,582,17.39999962,0.761399996,0.783000004,48_D320,10,4122
1990,7.300000191,591.4000244,17.70000076,0.91279999,0.91279999,48_D330,8,1278
1991,7.300000191,800,17.29999924,1.047800016,0.91279999,48_D330,9,2679
1992,7.300000191,582,17.39999962,0.950199997,0.91279999,48_D330,10,4122
1990,7.199999809,591.4000244,17.70000076,0.935399997,0.935399997,48_D350,8,1278
1991,7.199999809,800,17.29999924,1.137600017,0.935399997,48_D350,9,2679
1992,7.199999809,582,17.39999962,0.922599995,0.935399997,48_D350,10,4122
1993,7.199999809,478.7000122,16.79999924,0.9505,0.935399997,48_D350,11,5551
1994,7.199999809,412,17.20000076,0.978400004,0.935399997,48_D350,12,7002
1991,3.099999905,695.0999756,16.10000038,1.029399991,1.029399991,48_E310,16,408
1992,3.099999905,735.7000122,16.10000038,1.280200005,1.029399991,48_E310,17,1012
1993,3.099999905,378.5,15.80000019,1.422200012,1.029399991,48_E310,18,1386
1994,3.099999905,373.6000061,16.79999924,1.56420002,1.029399991,48_E310,19,1671
1990,3.099999905,482.8999939,16.70000076,2.490799999,2.490799999,48_E320,15,456
1991,3.099999905,695.0999756,16.10000038,2.156400013,2.490799999,48_E320,16,864
1992,3.099999905,735.7000122,16.10000038,2.183200026,2.490799999,48_E320,17,1468
1990,3.200000048,482.8999939,16.70000076,2.485800028,2.485800028,48_E330,15,456
1991,3.200000048,695.0999756,16.10000038,2.852799988,2.485800028,48_E330,16,864
1992,3.200000048,735.7000122,16.10000038,3.276799965,2.485800028,48_E330,17,1468
1993,3.200000048,378.5,15.80000019,3.594099975,2.485800028,48_E330,18,1842
1994,3.200000048,373.6000061,16.79999924,3.911399984,2.485800028,48_E330,19,2127
1990,3.099999905,482.8999939,16.70000076,2.673799992,2.673799992,48_E340,15,456
1991,3.099999905,695.0999756,16.10000038,3.017200041,2.673799992,48_E340,16,864
1992,3.099999905,735.7000122,16.10000038,3.009399986,2.673799992,48_E340,17,1468
1993,3.099999905,378.5,15.80000019,3.261100006,2.673799992,48_E340,18,1842
1994,3.099999905,373.6000061,16.79999924,3.512800026,2.673799992,48_E340,19,2127
1990,3.200000048,482.8999939,16.70000076,1.882400012,1.882400012,48_E350,15,456
1991,3.200000048,695.0999756,16.10000038,1.893000007,1.882400012,48_E350,16,864
1992,3.200000048,735.7000122,16.10000038,2.085200024,1.882400012,48_E350,17,1468
1993,3.200000048,378.5,15.80000019,2.071200001,1.882400012,48_E350,18,1842
1994,3.200000048,373.6000061,16.79999924,2.057199979,1.882400012,48_E350,19,2127
1990,3.400000095,482.8999939,16.70000076,2.391399908,2.391399908,48_E352,15,456
1991,3.400000095,695.0999756,16.10000038,2.551599979,2.391399908,48_E352,16,864
1992,3.400000095,735.7000122,16.10000038,2.607600021,2.391399908,48_E352,17,1468
1990,3.099999905,1538.900024,18.5,1.151799989,1.151799989,48_F310,3,239
1991,3.099999905,1296.400024,18,1.869000006,1.151799989,48_F310,4,425
1992,3.099999905,1286.099976,17.70000076,1.850699997,1.151799989,48_F310,5,651
1993,3.099999905,1155.599976,17.29999924,1.832399988,1.151799989,48_F310,6,966
1994,3.099999905,1198.699951,17.79999924,1.97019999,1.151799989,48_F310,7,1436
1995,3.099999905,960.2999878,17.89999962,2.139066648,1.151799989,48_F310,8,1726
1996,3.099999905,965.2999878,17.5,2.307933307,1.151799989,48_F310,9,2064
1997,3.099999905,1311.900024,16.79999924,2.476799965,1.151799989,48_F310,10,2456
1990,2.900000095,1538.900024,18.5,1.069400001,1.069400001,48_F320,3,239
1991,2.900000095,1296.400024,18,1.372000003,1.069400001,48_F320,4,425
1992,2.900000095,1286.099976,17.70000076,1.366199994,1.069400001,48_F320,5,651
1993,2.900000095,1155.599976,17.29999924,1.360399985,1.069400001,48_F320,6,966
1994,2.900000095,1198.699951,17.79999924,1.439400005,1.069400001,48_F320,7,1436
1995,2.900000095,960.2999878,17.89999962,1.8954,1.069400001,48_F320,8,1726
1996,2.900000095,965.2999878,17.5,2.351399994,1.069400001,48_F320,9,2064
1997,2.900000095,1311.900024,16.79999924,2.807399988,1.069400001,48_F320,10,2456
1990,2.799999952,1538.900024,18.5,0.899599993,0.899599993,48_F330,3,239
1991,2.799999952,1296.400024,18,0.909200013,0.899599993,48_F330,4,425
1992,2.799999952,1286.099976,17.70000076,0.910200006,0.899599993,48_F330,5,651
1993,2.799999952,1155.599976,17.29999924,0.911199999,0.899599993,48_F330,6,966
1994,2.799999952,1198.699951,17.79999924,1.019199991,0.899599993,48_F330,7,1436
1995,2.799999952,960.2999878,17.89999962,1.459533342,0.899599993,48_F330,8,1726
1996,2.799999952,965.2999878,17.5,1.899866692,0.899599993,48_F330,9,2064
1997,2.799999952,1311.900024,16.79999924,2.340200043,0.899599993,48_F330,10,2456
1990,3,1538.900024,18.5,0.803000009,0.803000009,48_F340,3,239
1991,3,1296.400024,18,0.842000008,0.803000009,48_F340,4,425
1992,3,1286.099976,17.70000076,0.883100003,0.803000009,48_F340,5,651
1993,3,1155.599976,17.29999924,0.924199998,0.803000009,48_F340,6,966
1994,3,1198.699951,17.79999924,1.15539999,0.803000009,48_F340,7,1436
1995,3,960.2999878,17.89999962,1.572933324,0.803000009,48_F340,8,1726
1996,3,965.2999878,17.5,1.990466658,0.803000009,48_F340,9,2064
1997,3,1311.900024,16.79999924,2.407999992,0.803000009,48_F340,10,2456
1990,2.900000095,1538.900024,18.5,1.142400026,1.142400026,48_F350,3,239
1991,2.900000095,1296.400024,18,1.250200009,1.142400026,48_F350,4,425
1992,2.900000095,1286.099976,17.70000076,1.3346,1.142400026,48_F350,5,651
1993,2.900000095,1155.599976,17.29999924,1.41899999,1.142400026,48_F350,6,966
1994,2.900000095,1198.699951,17.79999924,2.991000032,1.142400026,48_F350,7,1436
1990,1.5,1539.900024,18.70000076,1.612199998,1.612199998,48_G310,18,110
1991,1.5,1748.900024,17.89999962,1.867799997,1.612199998,48_G310,19,256
1992,1.5,1155,17.70000076,1.824699998,1.612199998,48_G310,20,398
1993,1.5,1391.400024,17.29999924,1.781599998,1.612199998,48_G310,21,545
1994,1.5,1379.199951,17.89999962,1.805199981,1.612199998,48_G310,22,688
1995,1.5,1076.699951,17.79999924,1.922733307,1.612199998,48_G310,23,834
1996,1.5,992.9000244,18.20000076,2.040266633,1.612199998,48_G310,24,997
1997,1.5,1545.099976,17.70000076,2.157799959,1.612199998,48_G310,25,1179
1998,1.5,1369.300049,20,2.154266628,1.612199998,48_G310,26,1384
1999,1.5,1167.900024,19.29999924,2.150733296,1.612199998,48_G310,27,1547
2000,1.5,1176.5,19.20000076,2.147199965,1.612199998,48_G310,28,1719
1990,1.399999976,1539.900024,18.70000076,1.025200009,1.025200009,48_G320,18,110
1991,1.399999976,1748.900024,17.89999962,1.104600024,1.025200009,48_G320,19,256
1992,1.399999976,1155,17.70000076,1.088600016,1.025200009,48_G320,20,398
1993,1.399999976,1391.400024,17.29999924,1.072600007,1.025200009,48_G320,21,545
1994,1.399999976,1379.199951,17.89999962,1.17900002,1.025200009,48_G320,22,688
1995,1.399999976,1076.699951,17.79999924,1.168733342,1.025200009,48_G320,23,834
1996,1.399999976,992.9000244,18.20000076,1.158466665,1.025200009,48_G320,24,997
1997,1.399999976,1545.099976,17.70000076,1.148199987,1.025200009,48_G320,25,1179
1998,1.399999976,1369.300049,20,1.179399999,1.025200009,48_G320,26,1384
1999,1.399999976,1167.900024,19.29999924,1.210600011,1.025200009,48_G320,27,1547
2000,1.399999976,1176.5,19.20000076,1.241800022,1.025200009,48_G320,28,1719
1990,1.600000024,1539.900024,18.70000076,1.071399999,1.071399999,48_G330,18,110
1991,1.600000024,1748.900024,17.89999962,1.069799995,1.071399999,48_G330,19,256
1992,1.600000024,1155,17.70000076,1.099800003,1.071399999,48_G330,20,398
1993,1.600000024,1391.400024,17.29999924,1.12980001,1.071399999,48_G330,21,545
1994,1.600000024,1379.199951,17.89999962,1.143850011,1.071399999,48_G330,22,688
1995,1.600000024,1076.699951,17.79999924,1.157900012,1.071399999,48_G330,23,834
1996,1.600000024,992.9000244,18.20000076,1.171950012,1.071399999,48_G330,24,997
1997,1.600000024,1545.099976,17.70000076,1.186000013,1.071399999,48_G330,25,1179
1998,1.600000024,1369.300049,20,1.166866668,1.071399999,48_G330,26,1384
1999,1.600000024,1167.900024,19.29999924,1.147733323,1.071399999,48_G330,27,1547
2000,1.600000024,1176.5,19.20000076,1.128599977,1.071399999,48_G330,28,1719
1990,1.600000024,1539.900024,18.70000076,1.712199998,1.712199998,48_G350,18,110
1991,1.600000024,1748.900024,17.89999962,1.787000012,1.712199998,48_G350,19,256
1992,1.600000024,1155,17.70000076,1.716100013,1.712199998,48_G350,20,398
1993,1.600000024,1391.400024,17.29999924,1.645200014,1.712199998,48_G350,21,545
1994,1.600000024,1379.199951,17.89999962,1.829200017,1.712199998,48_G350,22,688
1995,1.600000024,1076.699951,17.79999924,2.013200021,1.712199998,48_G350,23,834
1996,1.600000024,992.9000244,18.20000076,2.197200024,1.712199998,48_G350,24,997
1997,1.600000024,1545.099976,17.70000076,2.381200027,1.712199998,48_G350,25,1179
1990,3,885.4000244,20.70000076,1.423400021,1.423400021,48_H310,5,178
1991,3,1354.099976,20.10000038,0.779599988,1.423400021,48_H310,6,339
1992,3,1366.5,19.70000076,0.825199997,1.423400021,48_H310,7,510
1993,3,1281.099976,19.29999924,0.848799998,1.423400021,48_H310,8,661
1994,3,1317.699951,19.89999962,0.872399998,1.423400021,48_H310,9,860
1995,3,1043.300049,20.10000038,0.872399998,1.423400021,48_H310,10,1104
1996,3,824.2000122,20.29999924,0.872399998,1.423400021,48_H310,11,1419
1990,3.099999905,885.4000244,20.70000076,1.476399994,1.476399994,48_H320,5,178
1991,3.099999905,1354.099976,20.10000038,1.482800007,1.476399994,48_H320,6,339
1992,3.099999905,1366.5,19.70000076,1.490799999,1.476399994,48_H320,7,510
1993,3.099999905,1281.099976,19.29999924,1.558300006,1.476399994,48_H320,8,661
1994,3.099999905,1317.699951,19.89999962,1.625800014,1.476399994,48_H320,9,860
1995,3.099999905,1043.300049,20.10000038,1.633000016,1.476399994,48_H320,10,1104
1996,3.099999905,824.2000122,20.29999924,1.640200019,1.476399994,48_H320,11,1419
1990,3,885.4000244,20.70000076,1.050400019,1.050400019,48_H330,5,178
1991,3,1354.099976,20.10000038,1.095700014,1.050400019,48_H330,6,339
1992,3,1366.5,19.70000076,1.141000009,1.050400019,48_H330,7,510
1993,3,1281.099976,19.29999924,1.195499992,1.050400019,48_H330,8,661
1994,3,1317.699951,19.89999962,1.249999976,1.050400019,48_H330,9,860
1995,3,1043.300049,20.10000038,1.258299983,1.050400019,48_H330,10,1104
1996,3,824.2000122,20.29999924,1.266599989,1.050400019,48_H330,11,1419
1990,3.200000048,885.4000244,20.70000076,1.099800014,1.099800014,48_H340,5,178
1991,3.200000048,1354.099976,20.10000038,1.177600026,1.099800014,48_H340,6,339
1992,3.200000048,1366.5,19.70000076,1.238599968,1.099800014,48_H340,7,510
1993,3.200000048,1281.099976,19.29999924,1.290899992,1.099800014,48_H340,8,661
1994,3.200000048,1317.699951,19.89999962,1.343200016,1.099800014,48_H340,9,860
1995,3.200000048,1043.300049,20.10000038,1.341000021,1.099800014,48_H340,10,1104
1996,3.200000048,824.2000122,20.29999924,1.338800025,1.099800014,48_H340,11,1419
1990,3.099999905,885.4000244,20.70000076,1.184799981,1.184799981,48_H350,5,178
1991,3.099999905,1354.099976,20.10000038,1.383399987,1.184799981,48_H350,6,339
1992,3.099999905,1366.5,19.70000076,1.433999991,1.184799981,48_H350,7,510
1993,3.099999905,1281.099976,19.29999924,1.472599995,1.184799981,48_H350,8,661
1994,3.099999905,1317.699951,19.89999962,1.511199999,1.184799981,48_H350,9,860
1995,3.099999905,1043.300049,20.10000038,1.512899995,1.184799981,48_H350,10,1104
1996,3.099999905,824.2000122,20.29999924,1.514599991,1.184799981,48_H350,11,1419
1992,3.099999905,1366.5,19.70000076,2.045399952,2.045399952,48_H351,7,171
1993,3.099999905,1281.099976,19.29999924,2.107599974,2.045399952,48_H351,8,322
1994,3.099999905,1317.699951,19.89999962,2.169799995,2.045399952,48_H351,9,521
1995,3.099999905,1043.300049,20.10000038,2.164400005,2.045399952,48_H351,10,765
1996,3.099999905,824.2000122,20.29999924,2.159000015,2.045399952,48_H351,11,1080
1990,4.300000191,1139.400024,20.70000076,1.398599982,1.398599982,48_I310,20,126
1991,4.300000191,1612.400024,19.89999962,1.23069998,1.398599982,48_I310,21,242
1992,4.300000191,1333.800049,19.70000076,1.062799978,1.398599982,48_I310,22,396
1993,4.300000191,1362.5,19.29999924,1.080800009,1.398599982,48_I310,23,549
1994,4.300000191,1530.099976,19.89999962,1.098800039,1.398599982,48_I310,24,758
1995,4.300000191,1236.400024,19.89999962,1.171333353,1.398599982,48_I310,25,937
1996,4.300000191,908.7000122,19.89999962,1.243866666,1.398599982,48_I310,26,1143
1997,4.300000191,1361.300049,19.10000038,1.31639998,1.398599982,48_I310,27,1359
1998,4.300000191,1400.5,20.79999924,1.279999995,1.398599982,48_I310,28,1579
1999,4.300000191,957,20.70000076,1.171200013,1.398599982,48_I310,29,1787
1990,4.099999905,1139.400024,20.70000076,1.334799981,1.334799981,48_I320,20,126
1991,4.099999905,1612.400024,19.89999962,1.289799988,1.334799981,48_I320,21,242
1992,4.099999905,1333.800049,19.70000076,1.244799995,1.334799981,48_I320,22,396
1993,4.099999905,1362.5,19.29999924,1.278699994,1.334799981,48_I320,23,549
1994,4.099999905,1530.099976,19.89999962,1.312599993,1.334799981,48_I320,24,758
1995,4.099999905,1236.400024,19.89999962,1.307266665,1.334799981,48_I320,25,937
1996,4.099999905,908.7000122,19.89999962,1.301933336,1.334799981,48_I320,26,1143
1997,4.099999905,1361.300049,19.10000038,1.296600008,1.334799981,48_I320,27,1359
1998,4.099999905,1400.5,20.79999924,1.287600017,1.334799981,48_I320,28,1579
1990,3.799999952,1139.400024,20.70000076,1.428399992,1.428399992,48_I330,20,126
1991,3.799999952,1612.400024,19.89999962,1.421000004,1.428399992,48_I330,21,242
1992,3.799999952,1333.800049,19.70000076,1.413600016,1.428399992,48_I330,22,396
1993,3.799999952,1362.5,19.29999924,1.441560016,1.428399992,48_I330,23,549
1994,3.799999952,1530.099976,19.89999962,1.469520016,1.428399992,48_I330,24,758
1995,3.799999952,1236.400024,19.89999962,1.497480016,1.428399992,48_I330,25,937
1996,3.799999952,908.7000122,19.89999962,1.525440016,1.428399992,48_I330,26,1143
1997,3.799999952,1361.300049,19.10000038,1.553400016,1.428399992,48_I330,27,1359
1998,3.799999952,1400.5,20.79999924,1.464599991,1.428399992,48_I330,28,1579
1990,3.799999952,1139.400024,20.70000076,0.756599998,0.756599998,48_I340,20,126
1991,3.799999952,1612.400024,19.89999962,0.752100003,0.756599998,48_I340,21,242
1992,3.799999952,1333.800049,19.70000076,0.747600007,0.756599998,48_I340,22,396
1993,3.799999952,1362.5,19.29999924,0.767000005,0.756599998,48_I340,23,549
1994,3.799999952,1530.099976,19.89999962,0.786400003,0.756599998,48_I340,24,758
1995,3.799999952,1236.400024,19.89999962,0.805800002,0.756599998,48_I340,25,937
1996,3.799999952,908.7000122,19.89999962,0.8252,0.756599998,48_I340,26,1143
1997,3.799999952,1361.300049,19.10000038,0.844599998,0.756599998,48_I340,27,1359
1998,3.799999952,1400.5,20.79999924,0.734600008,0.756599998,48_I340,28,1579
1990,4.599999905,1139.400024,20.70000076,0.884800017,0.884800017,48_I350,20,126
1991,4.599999905,1612.400024,19.89999962,0.942799997,0.884800017,48_I350,21,242
1992,4.599999905,1333.800049,19.70000076,1.000799978,0.884800017,48_I350,22,396
1993,4.599999905,1362.5,19.29999924,1.033599991,0.884800017,48_I350,23,549
1994,4.599999905,1530.099976,19.89999962,1.066400003,0.884800017,48_I350,24,758
1995,4.599999905,1236.400024,19.89999962,1.079066666,0.884800017,48_I350,25,937
1996,4.599999905,908.7000122,19.89999962,1.091733329,0.884800017,48_I350,26,1143
1997,4.599999905,1361.300049,19.10000038,1.104399991,0.884800017,48_I350,27,1359
1998,4.599999905,1400.5,20.79999924,0.986599994,0.884800017,48_I350,28,1579
1990,3.700000048,722.0999756,21.60000038,1.057000017,1.057000017,48_J310,16,159
1991,3.700000048,991,20.89999962,1.089500022,1.057000017,48_J310,17,307
1992,3.700000048,1239,20.70000076,1.122000027,1.057000017,48_J310,18,472
1993,3.700000048,929.5,20.39999962,1.143000007,1.057000017,48_J310,19,648
1994,3.700000048,852.5999756,21.20000076,1.132399988,1.057000017,48_J310,20,810
1995,3.700000048,532.7999878,21.10000038,1.12179997,1.057000017,48_J310,21,984
1996,3.700000048,507.2000122,21.39999962,1.145199978,1.057000017,48_J310,22,1306
1997,3.700000048,832.7999878,20.29999924,1.168599987,1.057000017,48_J310,23,1553
1992,3.599999905,1239,20.70000076,1.238400006,1.238400006,48_J320,18,165
1993,3.599999905,929.5,20.39999962,1.29920001,1.238400006,48_J320,19,341
1994,3.599999905,852.5999756,21.20000076,1.304850006,1.238400006,48_J320,20,503
1995,3.599999905,532.7999878,21.10000038,1.310500002,1.238400006,48_J320,21,677
1996,3.599999905,507.2000122,21.39999962,1.316149998,1.238400006,48_J320,22,999
1997,3.599999905,832.7999878,20.29999924,1.321799994,1.238400006,48_J320,23,1246
1993,3.599999905,929.5,20.39999962,1.311600018,1.311600018,48_J330,19,176
1994,3.599999905,852.5999756,21.20000076,1.348799992,1.311600018,48_J330,20,338
1995,3.599999905,532.7999878,21.10000038,1.385999966,1.311600018,48_J330,21,512
1996,3.599999905,507.2000122,21.39999962,1.449099982,1.311600018,48_J330,22,834
1997,3.599999905,832.7999878,20.29999924,1.512199998,1.311600018,48_J330,23,1081
1990,3.700000048,722.0999756,21.60000038,1.188999963,1.188999963,48_J340,16,159
1991,3.700000048,991,20.89999962,1.205099988,1.188999963,48_J340,17,307
1992,3.700000048,1239,20.70000076,1.221200013,1.188999963,48_J340,18,472
1993,3.700000048,929.5,20.39999962,1.220399976,1.188999963,48_J340,19,648
1994,3.700000048,852.5999756,21.20000076,1.257499981,1.188999963,48_J340,20,810
1995,3.700000048,532.7999878,21.10000038,1.294599986,1.188999963,48_J340,21,984
1996,3.700000048,507.2000122,21.39999962,1.316600001,1.188999963,48_J340,22,1306
1997,3.700000048,832.7999878,20.29999924,1.338600016,1.188999963,48_J340,23,1553
1991,3.599999905,991,20.89999962,1.043600011,1.043600011,48_J350,17,148
1992,3.599999905,1239,20.70000076,0.987400007,1.043600011,48_J350,18,313
1993,3.599999905,929.5,20.39999962,1.045799994,1.043600011,48_J350,19,489
1994,3.599999905,852.5999756,21.20000076,1.037599993,1.043600011,48_J350,20,651
1995,3.599999905,532.7999878,21.10000038,1.029399991,1.043600011,48_J350,21,825
1996,3.599999905,507.2000122,21.39999962,1.043299985,1.043600011,48_J350,22,1147
1997,3.599999905,832.7999878,20.29999924,1.057199979,1.043600011,48_J350,23,1394
1991,3.700000048,991,20.89999962,1.61559999,1.61559999,48_J351,17,148
1992,3.700000048,1239,20.70000076,1.536599994,1.61559999,48_J351,18,313
1993,3.700000048,929.5,20.39999962,1.605200005,1.61559999,48_J351,19,489
1994,3.700000048,852.5999756,21.20000076,1.557999992,1.61559999,48_J351,20,651
1995,3.700000048,532.7999878,21.10000038,1.51079998,1.61559999,48_J351,21,825
1996,3.700000048,507.2000122,21.39999962,1.561799991,1.61559999,48_J351,22,1147
1997,3.700000048,832.7999878,20.29999924,1.612800002,1.61559999,48_J351,23,1394
1990,1.399999976,794.4000244,20.70000076,1.022600007,1.022600007,48_K310,4,83
1991,1.399999976,1217.599976,20.39999962,1.217999995,1.022600007,48_K310,5,172
1992,1.399999976,1306.300049,20,1.185800028,1.022600007,48_K310,6,290
1993,1.399999976,613.2999878,19.79999924,1.182600021,1.022600007,48_K310,7,431
1994,1.399999976,929.2999878,20.5,1.179400015,1.022600007,48_K310,8,495
1995,1.399999976,658.9000244,20.29999924,1.237666678,1.022600007,48_K310,9,573
1996,1.399999976,479.7000122,20.70000076,1.295933342,1.022600007,48_K310,10,641
1997,1.399999976,985.2999878,19.60000038,1.354200006,1.022600007,48_K310,11,727
1998,1.399999976,1000.200012,21.20000076,1.450799966,1.022600007,48_K310,12,832
1990,1.5,794.4000244,20.70000076,1.534799981,1.534799981,48_K320,4,83
1991,1.5,1217.599976,20.39999962,1.569800019,1.534799981,48_K320,5,172
1992,1.5,1306.300049,20,1.669599986,1.534799981,48_K320,6,290
1993,1.5,613.2999878,19.79999924,1.70259999,1.534799981,48_K320,7,431
1994,1.5,929.2999878,20.5,1.735599995,1.534799981,48_K320,8,495
1995,1.5,658.9000244,20.29999924,1.736999997,1.534799981,48_K320,9,573
1996,1.5,479.7000122,20.70000076,1.738399998,1.534799981,48_K320,10,641
1997,1.5,985.2999878,19.60000038,1.7398,1.534799981,48_K320,11,727
1998,1.5,1000.200012,21.20000076,1.941000009,1.534799981,48_K320,12,832
1990,1.200000048,794.4000244,20.70000076,1.011599994,1.011599994,48_K330,4,83
1991,1.200000048,1217.599976,20.39999962,0.971000004,1.011599994,48_K330,5,172
1992,1.200000048,1306.300049,20,0.971599996,1.011599994,48_K330,6,290
1993,1.200000048,613.2999878,19.79999924,0.998700005,1.011599994,48_K330,7,431
1994,1.200000048,929.2999878,20.5,1.025800014,1.011599994,48_K330,8,495
1995,1.200000048,658.9000244,20.29999924,1.023933347,1.011599994,48_K330,9,573
1996,1.200000048,479.7000122,20.70000076,1.022066681,1.011599994,48_K330,10,641
1997,1.200000048,985.2999878,19.60000038,1.020200014,1.011599994,48_K330,11,727
1998,1.200000048,1000.200012,21.20000076,1.048800015,1.011599994,48_K330,12,832
1990,1.200000048,794.4000244,20.70000076,1.261599994,1.261599994,48_K340,4,83
1991,1.200000048,1217.599976,20.39999962,1.3296,1.261599994,48_K340,5,172
1992,1.200000048,1306.300049,20,1.602000022,1.261599994,48_K340,6,290
1993,1.200000048,613.2999878,19.79999924,1.708900011,1.261599994,48_K340,7,431
1994,1.200000048,929.2999878,20.5,1.815799999,1.261599994,48_K340,8,495
1995,1.200000048,658.9000244,20.29999924,2.19793334,1.261599994,48_K340,9,573
1996,1.200000048,479.7000122,20.70000076,2.580066681,1.261599994,48_K340,10,641
1997,1.200000048,985.2999878,19.60000038,2.962200022,1.261599994,48_K340,11,727
1998,1.200000048,1000.200012,21.20000076,3.047799969,1.261599994,48_K340,12,832
1990,1.200000048,794.4000244,20.70000076,1.241199994,1.241199994,48_K350,4,83
1991,1.200000048,1217.599976,20.39999962,1.388799977,1.241199994,48_K350,5,172
1992,1.200000048,1306.300049,20,1.430599976,1.241199994,48_K350,6,290
1993,1.200000048,613.2999878,19.79999924,1.476499999,1.241199994,48_K350,7,431
1994,1.200000048,929.2999878,20.5,1.522400022,1.241199994,48_K350,8,495
1995,1.200000048,658.9000244,20.29999924,1.581266681,1.241199994,48_K350,9,573
1996,1.200000048,479.7000122,20.70000076,1.640133341,1.241199994,48_K350,10,641
1997,1.200000048,985.2999878,19.60000038,1.699000001,1.241199994,48_K350,11,727
1998,1.200000048,1000.200012,21.20000076,1.748599982,1.241199994,48_K350,12,832
1990,1.299999952,794.4000244,20.70000076,1.513800001,1.513800001,48_K351,4,83
1991,1.299999952,1217.599976,20.39999962,1.703400016,1.513800001,48_K351,5,172
1992,1.299999952,1306.300049,20,1.833000016,1.513800001,48_K351,6,290
1993,1.299999952,613.2999878,19.79999924,1.889799988,1.513800001,48_K351,7,431
1994,1.299999952,929.2999878,20.5,1.94659996,1.513800001,48_K351,8,495
1990,2.099999905,337.7999878,17.89999962,1.388800001,1.388800001,48_L310,14,89
1991,2.099999905,344.8999939,17.29999924,1.456599998,1.388800001,48_L310,15,269
1992,2.099999905,278.7000122,17.79999924,1.01619997,1.388800001,48_L310,16,345
1993,2.099999905,233.5,18.39999962,1.021519976,1.388800001,48_L310,17,457
1994,2.099999905,172.6000061,19.29999924,1.026839981,1.388800001,48_L310,18,801
1995,2.099999905,192.8999939,18.79999924,1.032159986,1.388800001,48_L310,19,1120
1996,2.099999905,238.5,18.79999924,1.037479992,1.388800001,48_L310,20,1485
1997,2.099999905,294.8999939,17.89999962,1.042799997,1.388800001,48_L310,21,1861
1990,2.099999905,337.7999878,17.89999962,1.320599985,1.320599985,48_L320,14,89
1991,2.099999905,344.8999939,17.29999924,1.281000018,1.320599985,48_L320,15,269
1992,2.099999905,278.7000122,17.79999924,1.340466682,1.320599985,48_L320,16,345
1993,2.099999905,233.5,18.39999962,1.399933346,1.320599985,48_L320,17,457
1994,2.099999905,172.6000061,19.29999924,1.45940001,1.320599985,48_L320,18,801
1995,2.099999905,192.8999939,18.79999924,1.518866674,1.320599985,48_L320,19,1120
1996,2.099999905,238.5,18.79999924,1.578333338,1.320599985,48_L320,20,1485
1997,2.099999905,294.8999939,17.89999962,1.637800002,1.320599985,48_L320,21,1861
1990,2.099999905,337.7999878,17.89999962,1.539400005,1.539400005,48_L330,14,89
1991,2.099999905,344.8999939,17.29999924,1.638199973,1.539400005,48_L330,15,269
1992,2.099999905,278.7000122,17.79999924,1.977599978,1.539400005,48_L330,16,345
1993,2.099999905,233.5,18.39999962,1.928299987,1.539400005,48_L330,17,457
1994,2.099999905,172.6000061,19.29999924,1.878999996,1.539400005,48_L330,18,801
1995,2.099999905,192.8999939,18.79999924,2.224400012,1.539400005,48_L330,19,1120
1996,2.099999905,238.5,18.79999924,2.569800027,1.539400005,48_L330,20,1485
1997,2.099999905,294.8999939,17.89999962,2.915200043,1.539400005,48_L330,21,1861
1990,2.099999905,337.7999878,17.89999962,1.464999986,1.464999986,48_L340,14,89
1991,2.099999905,344.8999939,17.29999924,1.498799992,1.464999986,48_L340,15,269
1992,2.099999905,278.7000122,17.79999924,1.819200015,1.464999986,48_L340,16,345
1993,2.099999905,233.5,18.39999962,2.070640001,1.464999986,48_L340,17,457
1994,2.099999905,172.6000061,19.29999924,2.322079988,1.464999986,48_L340,18,801
1995,2.099999905,192.8999939,18.79999924,2.573519974,1.464999986,48_L340,19,1120
1996,2.099999905,238.5,18.79999924,2.82495996,1.464999986,48_L340,20,1485
1997,2.099999905,294.8999939,17.89999962,3.076399946,1.464999986,48_L340,21,1861
1990,2,337.7999878,17.89999962,1.776999998,1.776999998,48_L350,14,89
1991,2,344.8999939,17.29999924,1.63920002,1.776999998,48_L350,15,269
1992,2,278.7000122,17.79999924,2.085599995,1.776999998,48_L350,16,345
1993,2,233.5,18.39999962,1.995200002,1.776999998,48_L350,17,457
1994,2,172.6000061,19.29999924,1.90480001,1.776999998,48_L350,18,801
1995,2,192.8999939,18.79999924,2.210999997,1.776999998,48_L350,19,1120
1996,2,238.5,18.79999924,2.517199985,1.776999998,48_L350,20,1485
1997,2,294.8999939,17.89999962,2.823399973,1.776999998,48_L350,21,1861
1990,2.799999952,659.7000122,22.89999962,1.353600001,1.353600001,48_M310,9,166
1991,2.799999952,843.4000244,22.5,1.663800001,1.353600001,48_M310,10,324
1992,2.799999952,634.5,21.60000038,1.656999993,1.353600001,48_M310,11,530
1993,2.799999952,661.7999878,21.79999924,1.759799981,1.353600001,48_M310,12,716
1994,2.799999952,782,22.60000038,1.973800039,1.353600001,48_M310,13,902
1995,2.799999952,801.2999878,22.5,2.331466691,1.353600001,48_M310,14,1084
1996,2.799999952,274.8999939,23,2.689133342,1.353600001,48_M310,15,1270
1997,2.799999952,788.2999878,21.5,3.046799994,1.353600001,48_M310,16,1470
1990,2.900000095,659.7000122,22.89999962,1.530799985,1.530799985,48_M320,9,166
1991,2.900000095,843.4000244,22.5,1.611999989,1.530799985,48_M320,10,324
1992,2.900000095,634.5,21.60000038,1.506799984,1.530799985,48_M320,11,530
1993,2.900000095,661.7999878,21.79999924,1.564999986,1.530799985,48_M320,12,716
1994,2.900000095,782,22.60000038,1.768999982,1.530799985,48_M320,13,902
1995,2.900000095,801.2999878,22.5,2.011599986,1.530799985,48_M320,14,1084
1996,2.900000095,274.8999939,23,2.25419999,1.530799985,48_M320,15,1270
1997,2.900000095,788.2999878,21.5,2.496799994,1.530799985,48_M320,16,1470
1990,3,659.7000122,22.89999962,1.372399974,1.372399974,48_M330,9,166
1991,3,843.4000244,22.5,1.353200006,1.372399974,48_M330,10,324
1992,3,634.5,21.60000038,1.325200009,1.372399974,48_M330,11,530
1993,3,661.7999878,21.79999924,1.335800004,1.372399974,48_M330,12,716
1994,3,782,22.60000038,1.433599997,1.372399974,48_M330,13,902
1995,3,801.2999878,22.5,1.742866659,1.372399974,48_M330,14,1084
1996,3,274.8999939,23,2.052133322,1.372399974,48_M330,15,1270
1997,3,788.2999878,21.5,2.361399984,1.372399974,48_M330,16,1470
1990,2.900000095,659.7000122,22.89999962,1.161000013,1.161000013,48_M340,9,166
1991,2.900000095,843.4000244,22.5,1.230000019,1.161000013,48_M340,10,324
1992,2.900000095,634.5,21.60000038,1.287000012,1.161000013,48_M340,11,530
1993,2.900000095,661.7999878,21.79999924,1.363000011,1.161000013,48_M340,12,716
1994,2.900000095,782,22.60000038,1.672000003,1.161000013,48_M340,13,902
1995,2.900000095,801.2999878,22.5,2.011199999,1.161000013,48_M340,14,1084
1996,2.900000095,274.8999939,23,2.350399995,1.161000013,48_M340,15,1270
1997,2.900000095,788.2999878,21.5,2.689599991,1.161000013,48_M340,16,1470
1990,2.799999952,659.7000122,22.89999962,1.151799989,1.151799989,48_M350,9,166
1991,2.799999952,843.4000244,22.5,1.208399987,1.151799989,48_M350,10,324
1992,2.799999952,634.5,21.60000038,1.212200022,1.151799989,48_M350,11,530
1993,2.799999952,661.7999878,21.79999924,1.202800012,1.151799989,48_M350,12,716
1994,2.799999952,782,22.60000038,1.273999977,1.151799989,48_M350,13,902
1995,2.799999952,801.2999878,22.5,1.286799987,1.151799989,48_M350,14,1084
1996,2.799999952,274.8999939,23,1.299599997,1.151799989,48_M350,15,1270
1997,2.799999952,788.2999878,21.5,1.312400007,1.151799989,48_M350,16,1470
1990,2.900000095,461.5,23.39999962,1.917799997,1.917799997,48_N310,8,426
1991,2.900000095,799.2999878,23,1.451799989,1.917799997,48_N310,9,887
1992,2.900000095,824.4000244,22.5,1.405199981,1.917799997,48_N310,10,1403
1993,2.900000095,807.2999878,22.29999924,1.492599988,1.917799997,48_N310,11,1982
1990,3,461.5,23.39999962,2.295999956,2.295999956,48_N320,8,426
1991,3,799.2999878,23,2.009499997,2.295999956,48_N320,9,887
1992,3,824.4000244,22.5,1.972000003,2.295999956,48_N320,10,1403
1993,3,807.2999878,22.29999924,2.2704,2.295999956,48_N320,11,1982
1990,2.900000095,461.5,23.39999962,2.212599993,2.212599993,48_N330,8,426
1991,2.900000095,799.2999878,23,2.293200016,2.212599993,48_N330,9,887
1992,2.900000095,824.4000244,22.5,2.328399992,2.212599993,48_N330,10,1403
1993,2.900000095,807.2999878,22.29999924,2.517800045,2.212599993,48_N330,11,1982
1990,2.900000095,461.5,23.39999962,2.64380002,2.64380002,48_N340,8,426
1991,2.900000095,799.2999878,23,2.622600031,2.64380002,48_N340,9,887
1992,2.900000095,824.4000244,22.5,2.688999987,2.64380002,48_N340,10,1403
1993,2.900000095,807.2999878,22.29999924,2.708799982,2.64380002,48_N340,11,1982
1990,3,461.5,23.39999962,1.731200004,1.731200004,48_N350,8,426
1991,3,799.2999878,23,1.729799986,1.731200004,48_N350,9,887
1992,3,824.4000244,22.5,1.741199994,1.731200004,48_N350,10,1403
1993,3,807.2999878,22.29999924,1.796999979,1.731200004,48_N350,11,1982
1990,2.599999905,905.2999878,19.10000038,1.189599991,1.189599991,48_Q310,21,171
1991,2.599999905,1006.400024,18.60000038,1.120399976,1.189599991,48_Q310,22,308
1992,2.599999905,1015.5,18.39999962,1.106099987,1.189599991,48_Q310,23,471
1993,2.599999905,688.9000244,18.10000038,1.091799998,1.189599991,48_Q310,24,641
1994,2.599999905,784.4000244,19,1.07750001,1.189599991,48_Q310,25,833
1995,2.599999905,790.7999878,18.60000038,1.063200021,1.189599991,48_Q310,26,1011
1996,2.599999905,857.4000244,18.79999924,1.165066683,1.189599991,48_Q310,27,1275
1997,2.599999905,1110.699951,18,1.266933346,1.189599991,48_Q310,28,1470
1998,2.599999905,911,19.39999962,1.368800008,1.189599991,48_Q310,29,1747
1999,2.599999905,487.3999939,19.70000076,1.470666671,1.189599991,48_Q310,30,2028
2000,2.599999905,702.4000244,19.39999962,1.572533333,1.189599991,48_Q310,31,2272
2001,2.599999905,747,18.60000038,1.674399996,1.189599991,48_Q310,32,2519
1990,2.599999905,905.2999878,19.10000038,1.028000021,1.028000021,48_Q320,21,171
1991,2.599999905,1006.400024,18.60000038,1.054200006,1.028000021,48_Q320,22,308
1992,2.599999905,1015.5,18.39999962,1.067700011,1.028000021,48_Q320,23,471
1993,2.599999905,688.9000244,18.10000038,1.081200016,1.028000021,48_Q320,24,641
1994,2.599999905,784.4000244,19,1.094700021,1.028000021,48_Q320,25,833
1995,2.599999905,790.7999878,18.60000038,1.108200026,1.028000021,48_Q320,26,1011
1996,2.599999905,857.4000244,18.79999924,1.107733353,1.028000021,48_Q320,27,1275
1997,2.599999905,1110.699951,18,1.10726668,1.028000021,48_Q320,28,1470
1998,2.599999905,911,19.39999962,1.106800008,1.028000021,48_Q320,29,1747
1999,2.599999905,487.3999939,19.70000076,1.106333335,1.028000021,48_Q320,30,2028
2000,2.599999905,702.4000244,19.39999962,1.105866663,1.028000021,48_Q320,31,2272
2001,2.599999905,747,18.60000038,1.10539999,1.028000021,48_Q320,32,2519
1990,2.5,905.2999878,19.10000038,0.993799996,0.993799996,48_Q330,21,171
1991,2.5,1006.400024,18.60000038,1.094000006,0.993799996,48_Q330,22,308
1992,2.5,1015.5,18.39999962,1.100800008,0.993799996,48_Q330,23,471
1993,2.5,688.9000244,18.10000038,1.107600009,0.993799996,48_Q330,24,641
1994,2.5,784.4000244,19,1.114400011,0.993799996,48_Q330,25,833
1995,2.5,790.7999878,18.60000038,1.121200013,0.993799996,48_Q330,26,1011
1996,2.5,857.4000244,18.79999924,1.109566677,0.993799996,48_Q330,27,1275
1997,2.5,1110.699951,18,1.09793334,0.993799996,48_Q330,28,1470
1998,2.5,911,19.39999962,1.086300004,0.993799996,48_Q330,29,1747
1999,2.5,487.3999939,19.70000076,1.074666667,0.993799996,48_Q330,30,2028
2000,2.5,702.4000244,19.39999962,1.06303333,0.993799996,48_Q330,31,2272
2001,2.5,747,18.60000038,1.051399994,0.993799996,48_Q330,32,2519
1990,2.5,905.2999878,19.10000038,1.006400013,1.006400013,48_Q340,21,171
1991,2.5,1006.400024,18.60000038,1.095000005,1.006400013,48_Q340,22,308
1992,2.5,1015.5,18.39999962,1.159299999,1.006400013,48_Q340,23,471
1993,2.5,688.9000244,18.10000038,1.223599994,1.006400013,48_Q340,24,641
1994,2.5,784.4000244,19,1.287899989,1.006400013,48_Q340,25,833
1995,2.5,790.7999878,18.60000038,1.352199984,1.006400013,48_Q340,26,1011
1996,2.5,857.4000244,18.79999924,1.357966654,1.006400013,48_Q340,27,1275
1997,2.5,1110.699951,18,1.363733323,1.006400013,48_Q340,28,1470
1998,2.5,911,19.39999962,1.369499993,1.006400013,48_Q340,29,1747
1999,2.5,487.3999939,19.70000076,1.375266663,1.006400013,48_Q340,30,2028
2000,2.5,702.4000244,19.39999962,1.381033333,1.006400013,48_Q340,31,2272
2001,2.5,747,18.60000038,1.386800003,1.006400013,48_Q340,32,2519
1990,2.5,905.2999878,19.10000038,1.069199991,1.069199991,48_Q350,21,171
1991,2.5,1006.400024,18.60000038,1.192799997,1.069199991,48_Q350,22,308
1992,2.5,1015.5,18.39999962,1.190949994,1.069199991,48_Q350,23,471
1993,2.5,688.9000244,18.10000038,1.189099991,1.069199991,48_Q350,24,641
1994,2.5,784.4000244,19,1.187249988,1.069199991,48_Q350,25,833
1995,2.5,790.7999878,18.60000038,1.185399985,1.069199991,48_Q350,26,1011
1996,2.5,857.4000244,18.79999924,1.172533317,1.069199991,48_Q350,27,1275
1997,2.5,1110.699951,18,1.15966665,1.069199991,48_Q350,28,1470
1998,2.5,911,19.39999962,1.146799982,1.069199991,48_Q350,29,1747
1999,2.5,487.3999939,19.70000076,1.133933314,1.069199991,48_Q350,30,2028
2000,2.5,702.4000244,19.39999962,1.121066646,1.069199991,48_Q350,31,2272
2001,2.5,747,18.60000038,1.108199978,1.069199991,48_Q350,32,2519
1990,2.5,905.2999878,19.10000038,0.940999985,0.940999985,48_Q353,21,171
1991,2.5,1006.400024,18.60000038,0.980159988,0.940999985,48_Q353,22,308
1992,2.5,1015.5,18.39999962,1.019319992,0.940999985,48_Q353,23,471
1993,2.5,688.9000244,18.10000038,1.058479996,0.940999985,48_Q353,24,641
1994,2.5,784.4000244,19,1.097639999,0.940999985,48_Q353,25,833
1995,2.5,790.7999878,18.60000038,1.136800003,0.940999985,48_Q353,26,1011
1996,2.5,857.4000244,18.79999924,1.117733335,0.940999985,48_Q353,27,1275
1997,2.5,1110.699951,18,1.098666668,0.940999985,48_Q353,28,1470
1998,2.5,911,19.39999962,1.0796,0.940999985,48_Q353,29,1747
1999,2.5,487.3999939,19.70000076,1.060533333,0.940999985,48_Q353,30,2028
2000,2.5,702.4000244,19.39999962,1.041466665,0.940999985,48_Q353,31,2272
2001,2.5,747,18.60000038,1.022399998,0.940999985,48_Q353,32,2519